item,ismilitaryRankPIT,militaryRankStart,itemLabel,politicalPartyLabel,militaryRankLabel,nextHighestMilitaryRankLabel,nextLowestMilitaryRankLabel
http://www.wikidata.org/entity/Q48048,0,1939-01-01T00:00:00Z,Ivan Ignatyevich Yakubovsky,Communist Party of the Soviet Union,senior lieutenant,,
http://www.wikidata.org/entity/Q48102,0,1943-10-20T00:00:00Z,Matvei Zakharov,Communist Party of the Soviet Union,colonel general,General of the Army,lieutenant general
http://www.wikidata.org/entity/Q48102,0,1936-01-01T00:00:00Z,Matvei Zakharov,Communist Party of the Soviet Union,colonel,brigadier,lieutenant colonel
http://www.wikidata.org/entity/Q48037,0,1944-05-17T00:00:00Z,Pyotr Koshevoy,Communist Party of the Soviet Union,lieutenant general,colonel general,major general
http://www.wikidata.org/entity/Q48053,0,1940-06-04T00:00:00Z,Kirill Moskalenko,Communist Party of the Soviet Union,major general,lieutenant general,brigadier general
http://www.wikidata.org/entity/Q48100,0,1935-01-01T00:00:00Z,Nikolay Ivanovich Krylov,Communist Party of the Soviet Union,major,lieutenant colonel,captain
http://www.wikidata.org/entity/Q48102,0,1959-05-08T00:00:00Z,Matvei Zakharov,Communist Party of the Soviet Union,Marshal of the Soviet Union,Generalissimus of the Soviet Union,General of the army
http://www.wikidata.org/entity/Q48100,0,1938-02-17T00:00:00Z,Nikolay Ivanovich Krylov,Communist Party of the Soviet Union,colonel,brigadier,lieutenant colonel
http://www.wikidata.org/entity/Q60084,0,1959-10-05T00:00:00Z,Mikhail Katukov,Communist Party of the Soviet Union,Marshal of the branch,,
http://www.wikidata.org/entity/Q60084,0,1936-01-01T00:00:00Z,Mikhail Katukov,Communist Party of the Soviet Union,major,lieutenant colonel,captain
http://www.wikidata.org/entity/Q48093,0,1958-01-01T00:00:00Z,Nikolai Bulganin,Communist Party of the Soviet Union,colonel general,General of the Army,lieutenant general
http://www.wikidata.org/entity/Q48048,0,1942-03-27T00:00:00Z,Ivan Ignatyevich Yakubovsky,Communist Party of the Soviet Union,podpolkovnik,colonel,major
http://www.wikidata.org/entity/Q48100,0,1944-07-15T00:00:00Z,Nikolay Ivanovich Krylov,Communist Party of the Soviet Union,colonel general,General of the Army,lieutenant general
http://www.wikidata.org/entity/Q48112,0,1935-11-29T00:00:00Z,Ivan Bagramyan,Communist Party of the Soviet Union,colonel,brigadier,lieutenant colonel
http://www.wikidata.org/entity/Q48102,0,1938-02-22T00:00:00Z,Matvei Zakharov,Communist Party of the Soviet Union,Komdiv,,
http://www.wikidata.org/entity/Q48149,0,1943-01-19T00:00:00Z,Fyodor Tolbukhin,Communist Party of the Soviet Union,lieutenant general,colonel general,major general
http://www.wikidata.org/entity/Q48102,0,1937-07-16T00:00:00Z,Matvei Zakharov,Communist Party of the Soviet Union,kombrig,,
http://www.wikidata.org/entity/Q48048,0,1958-02-18T00:00:00Z,Ivan Ignatyevich Yakubovsky,Communist Party of the Soviet Union,colonel general,General of the Army,lieutenant general
http://www.wikidata.org/entity/Q48102,0,1940-06-04T00:00:00Z,Matvei Zakharov,Communist Party of the Soviet Union,major general,lieutenant general,brigadier general
http://www.wikidata.org/entity/Q48112,0,1943-11-17T00:00:00Z,Ivan Bagramyan,Communist Party of the Soviet Union,General of the army,,
http://www.wikidata.org/entity/Q76311,0,1936-01-01T00:00:00Z,Semen Bogdanov,Communist Party of the Soviet Union,colonel,brigadier,lieutenant colonel
http://www.wikidata.org/entity/Q48048,0,1942-11-30T00:00:00Z,Ivan Ignatyevich Yakubovsky,Communist Party of the Soviet Union,colonel,brigadier,lieutenant colonel
http://www.wikidata.org/entity/Q48149,0,1943-04-28T00:00:00Z,Fyodor Tolbukhin,Communist Party of the Soviet Union,colonel general,General of the Army,lieutenant general
http://www.wikidata.org/entity/Q48053,0,1955-03-11T00:00:00Z,Kirill Moskalenko,Communist Party of the Soviet Union,Marshal of the Soviet Union,Generalissimus of the Soviet Union,General of the army
http://www.wikidata.org/entity/Q48102,0,1939-02-09T00:00:00Z,Matvei Zakharov,Communist Party of the Soviet Union,Comcor,,
http://www.wikidata.org/entity/Q48048,0,1940-12-23T00:00:00Z,Ivan Ignatyevich Yakubovsky,Communist Party of the Soviet Union,captain,major,senior lieutenant
http://www.wikidata.org/entity/Q48149,0,1944-09-12T00:00:00Z,Fyodor Tolbukhin,Communist Party of the Soviet Union,Marshal of the Soviet Union,Generalissimus of the Soviet Union,General of the army
http://www.wikidata.org/entity/Q48149,0,1938-07-15T00:00:00Z,Fyodor Tolbukhin,Communist Party of the Soviet Union,Komdiv,,
http://www.wikidata.org/entity/Q48100,0,1941-12-27T00:00:00Z,Nikolay Ivanovich Krylov,Communist Party of the Soviet Union,major general,lieutenant general,brigadier general
http://www.wikidata.org/entity/Q48048,0,1941-12-01T00:00:00Z,Ivan Ignatyevich Yakubovsky,Communist Party of the Soviet Union,major,lieutenant colonel,captain
http://www.wikidata.org/entity/Q48053,0,1943-09-19T00:00:00Z,Kirill Moskalenko,Communist Party of the Soviet Union,colonel general,General of the Army,lieutenant general
http://www.wikidata.org/entity/Q48100,0,1953-09-18T00:00:00Z,Nikolay Ivanovich Krylov,Communist Party of the Soviet Union,General of the army,,
http://www.wikidata.org/entity/Q48037,0,1940-02-29T00:00:00Z,Pyotr Koshevoy,Communist Party of the Soviet Union,colonel,brigadier,lieutenant colonel
http://www.wikidata.org/entity/Q48100,0,1943-09-09T00:00:00Z,Nikolay Ivanovich Krylov,Communist Party of the Soviet Union,lieutenant general,colonel general,major general
http://www.wikidata.org/entity/Q48112,0,1941-08-12T00:00:00Z,Ivan Bagramyan,Communist Party of the Soviet Union,major general,lieutenant general,brigadier general
http://www.wikidata.org/entity/Q48037,0,1954-05-31T00:00:00Z,Pyotr Koshevoy,Communist Party of the Soviet Union,colonel general,General of the Army,lieutenant general
http://www.wikidata.org/entity/Q48053,0,1943-01-19T00:00:00Z,Kirill Moskalenko,Communist Party of the Soviet Union,lieutenant general,colonel general,major general
http://www.wikidata.org/entity/Q48149,0,1943-09-21T00:00:00Z,Fyodor Tolbukhin,Communist Party of the Soviet Union,General of the army,,
http://www.wikidata.org/entity/Q48112,0,1941-12-27T00:00:00Z,Ivan Bagramyan,Communist Party of the Soviet Union,lieutenant general,colonel general,major general
http://www.wikidata.org/entity/Q48149,0,1940-06-04T00:00:00Z,Fyodor Tolbukhin,Communist Party of the Soviet Union,major general,lieutenant general,brigadier general
http://www.wikidata.org/entity/Q49463,0,1942-01-01T00:00:00Z,Marina Raskova,Communist Party of the Soviet Union,major,lieutenant colonel,captain
http://www.wikidata.org/entity/Q48112,0,1943-08-27T00:00:00Z,Ivan Bagramyan,Communist Party of the Soviet Union,colonel general,General of the Army,lieutenant general
http://www.wikidata.org/entity/Q48053,0,1938-08-16T00:00:00Z,Kirill Moskalenko,Communist Party of the Soviet Union,colonel,brigadier,lieutenant colonel
http://www.wikidata.org/entity/Q76311,0,1945-06-01T00:00:00Z,Semen Bogdanov,Communist Party of the Soviet Union,Marshal of the branch,,
http://www.wikidata.org/entity/Q48053,0,1953-08-03T00:00:00Z,Kirill Moskalenko,Communist Party of the Soviet Union,General of the army,,
http://www.wikidata.org/entity/Q48112,0,1955-03-11T00:00:00Z,Ivan Bagramyan,Communist Party of the Soviet Union,Marshal of the Soviet Union,Generalissimus of the Soviet Union,General of the army
http://www.wikidata.org/entity/Q60084,0,1938-02-17T00:00:00Z,Mikhail Katukov,Communist Party of the Soviet Union,colonel,brigadier,lieutenant colonel
http://www.wikidata.org/entity/Q48048,0,1936-01-01T00:00:00Z,Ivan Ignatyevich Yakubovsky,Communist Party of the Soviet Union,lieutenant,,
http://www.wikidata.org/entity/Q48149,0,1935-11-28T00:00:00Z,Fyodor Tolbukhin,Communist Party of the Soviet Union,kombrig,,
http://www.wikidata.org/entity/Q48102,0,1945-05-29T00:00:00Z,Matvei Zakharov,Communist Party of the Soviet Union,General of the army,,
http://www.wikidata.org/entity/Q48102,0,1942-05-30T00:00:00Z,Matvei Zakharov,Communist Party of the Soviet Union,lieutenant general,colonel general,major general
http://www.wikidata.org/entity/Q8299349,0,1955-09-27T00:00:00Z,Lai Chuanzhu,Communist Party of China,Shang Jiang,Yi Ji Shang Jiang,Zhong Jiang
http://www.wikidata.org/entity/Q699398,0,1955-09-27T00:00:00Z,Ye Fei,Communist Party of China,Shang Jiang,Yi Ji Shang Jiang,Zhong Jiang
http://www.wikidata.org/entity/Q716083,0,1955-09-27T00:00:00Z,Ulanhu,Communist Party of China,Shang Jiang,Da Jiang,Zhong Jiang
http://www.wikidata.org/entity/Q40482,0,1914-08-08T00:00:00Z,Konstantin Rokossovsky,Communist Party of the Soviet Union,Gefreiter,sergeant,private
http://www.wikidata.org/entity/Q8318423,0,1955-01-01T00:00:00Z,Zhang Tianyun,Communist Party of China,lieutenant general,colonel general,major general
http://www.wikidata.org/entity/Q2983888,0,1955-09-27T00:00:00Z,Yang Chengwu,Communist Party of China,Shang Jiang,Yi Ji Shang Jiang,Zhong Jiang
http://www.wikidata.org/entity/Q162814,0,1955-09-27T00:00:00Z,Xie Fuzhi,Communist Party of China,Shang Jiang,Da Jiang,Zhong Jiang
http://www.wikidata.org/entity/Q701146,0,1955-09-27T00:00:00Z,Dong Qiwu,Communist Party of China,Shang Jiang,Da Jiang,Zhong Jiang
http://www.wikidata.org/entity/Q4537824,0,1955-09-27T00:00:00Z,Yang Yong,Communist Party of China,Shang Jiang,Yi Ji Shang Jiang,Zhong Jiang
http://www.wikidata.org/entity/Q4059765,0,1941-01-01T00:00:00Z,Gevork Akopyants,Communist Party of the Soviet Union,lieutenant,,
http://www.wikidata.org/entity/Q5964482,0,1955-09-27T00:00:00Z,Zhu Liangcai,Communist Party of China,Shang Jiang,Yi Ji Shang Jiang,Zhong Jiang
http://www.wikidata.org/entity/Q40482,0,1914-08-08T00:00:00Z,Konstantin Rokossovsky,Communist Party of the Soviet Union,Gefreiter,Obergefreiter,private
http://www.wikidata.org/entity/Q710115,0,1955-09-27T00:00:00Z,Chen Xilian,Communist Party of China,Shang Jiang,Da Jiang,Zhong Jiang
http://www.wikidata.org/entity/Q381823,0,1955-09-23T00:00:00Z,Peng Dehuai,Communist Party of China,Marshal of the People's Republic of China,Da Yuan Shuai,Da Jiang
http://www.wikidata.org/entity/Q837398,0,1955-09-27T00:00:00Z,Chen Zaidao,Communist Party of China,Shang Jiang,Da Jiang,Zhong Jiang
http://www.wikidata.org/entity/Q4054925,0,1938-05-29T00:00:00Z,Konstantin Abramov,Communist Party of the Soviet Union,captain,major,senior lieutenant
http://www.wikidata.org/entity/Q513976,0,1955-09-27T00:00:00Z,Wang Zhen,Communist Party of China,Shang Jiang,Da Jiang,Zhong Jiang
http://www.wikidata.org/entity/Q8314185,0,1955-09-27T00:00:00Z,Xiao Hua,Communist Party of China,Shang Jiang,Da Jiang,Zhong Jiang
http://www.wikidata.org/entity/Q8070454,0,1955-09-27T00:00:00Z,Zhang Zongxun,Communist Party of China,Shang Jiang,Yi Ji Shang Jiang,Zhong Jiang
http://www.wikidata.org/entity/Q855,1,1945-01-01T00:00:00Z,Joseph Stalin,Communist Party of the Soviet Union,Generalissimus of the Soviet Union,,Marshal of the Soviet Union
http://www.wikidata.org/entity/Q5090869,0,1955-09-27T00:00:00Z,Chen Qihan,Communist Party of China,Shang Jiang,Yi Ji Shang Jiang,Zhong Jiang
http://www.wikidata.org/entity/Q495182,0,1955-09-27T00:00:00Z,Song Shi-Lun,Communist Party of China,Shang Jiang,Da Jiang,Zhong Jiang
http://www.wikidata.org/entity/Q40482,0,1949-01-01T00:00:00Z,Konstantin Rokossovsky,Communist Party of the Soviet Union,Marshal of Poland,,
http://www.wikidata.org/entity/Q8314180,0,1955-09-27T00:00:00Z,Su Zhenhua,Communist Party of China,Hai Jun Shang Jiang,,Hai Jun Zhong Jiang
http://www.wikidata.org/entity/Q8272159,0,1955-09-27T00:00:00Z,Chen Mingren,Communist Party of China,Shang Jiang,Yi Ji Shang Jiang,Zhong Jiang
http://www.wikidata.org/entity/Q4054925,0,1939-07-31T00:00:00Z,Konstantin Abramov,Communist Party of the Soviet Union,major,lieutenant colonel,captain
http://www.wikidata.org/entity/Q8314147,0,1958-01-01T00:00:00Z,Li Jukui,Communist Party of China,Shang Jiang,Yi Ji Shang Jiang,Zhong Jiang
http://www.wikidata.org/entity/Q7928648,0,1955-09-27T00:00:00Z,Zhou Chunquan,Communist Party of China,Shang Jiang,Yi Ji Shang Jiang,Zhong Jiang
http://www.wikidata.org/entity/Q710154,0,1955-09-27T00:00:00Z,Huang Yongsheng,Communist Party of China,Shang Jiang,Yi Ji Shang Jiang,Zhong Jiang
http://www.wikidata.org/entity/Q40482,0,1943-01-15T00:00:00Z,Konstantin Rokossovsky,Communist Party of the Soviet Union,colonel general,General of the Army,lieutenant general
http://www.wikidata.org/entity/Q855,1,1945-01-01T00:00:00Z,Joseph Stalin,Communist Party of the Soviet Union,Generalissimus of the Soviet Union,,Admiral of the Fleet of the Soviet Union
http://www.wikidata.org/entity/Q8314106,0,1955-09-27T00:00:00Z,Fu Qiutao,Communist Party of China,Shang Jiang,Da Jiang,Zhong Jiang
http://www.wikidata.org/entity/Q8314194,0,1955-09-27T00:00:00Z,He Bingyan,Communist Party of China,Shang Jiang,Da Jiang,Zhong Jiang
http://www.wikidata.org/entity/Q8314120,0,1955-09-27T00:00:00Z,Tang Liang,Communist Party of China,Shang Jiang,Yi Ji Shang Jiang,Zhong Jiang
http://www.wikidata.org/entity/Q704889,0,1955-09-27T00:00:00Z,Song Renqiong,Communist Party of China,Shang Jiang,Yi Ji Shang Jiang,Zhong Jiang
http://www.wikidata.org/entity/Q8314162,0,1956-01-25T00:00:00Z,Wang Jian'an,Communist Party of China,Shang Jiang,Da Jiang,Zhong Jiang
http://www.wikidata.org/entity/Q5646706,0,1955-09-27T00:00:00Z,Han Xianchu,Communist Party of China,Shang Jiang,Da Jiang,Zhong Jiang
http://www.wikidata.org/entity/Q4054925,0,1942-03-18T00:00:00Z,Konstantin Abramov,Communist Party of the Soviet Union,colonel,brigadier,lieutenant colonel
http://www.wikidata.org/entity/Q8299246,0,1955-09-27T00:00:00Z,Chen Bojun,Communist Party of China,Shang Jiang,Da Jiang,Zhong Jiang
http://www.wikidata.org/entity/Q159582,0,1958-02-18T00:00:00Z,Alexander Pokryshkin,Communist Party of the Soviet Union,Air Force lieutenant general,,
http://www.wikidata.org/entity/Q8299045,0,1955-09-27T00:00:00Z,Fu Zhong,Communist Party of China,Shang Jiang,Da Jiang,Zhong Jiang
http://www.wikidata.org/entity/Q8299305,0,1955-09-27T00:00:00Z,Li Tianyou,Communist Party of China,Shang Jiang,Da Jiang,Zhong Jiang
http://www.wikidata.org/entity/Q8299200,0,1955-09-27T00:00:00Z,Deng Hua,Communist Party of China,Shang Jiang,Da Jiang,Zhong Jiang
http://www.wikidata.org/entity/Q716083,0,1955-09-27T00:00:00Z,Ulanhu,Communist Party of China,Shang Jiang,Yi Ji Shang Jiang,Zhong Jiang
http://www.wikidata.org/entity/Q8293154,0,1955-09-27T00:00:00Z,Li Zhimin,Communist Party of China,Shang Jiang,Da Jiang,Zhong Jiang
http://www.wikidata.org/entity/Q5520452,0,1955-09-27T00:00:00Z,Gan Siqi,Communist Party of China,Shang Jiang,Da Jiang,Zhong Jiang
http://www.wikidata.org/entity/Q162814,0,1955-09-27T00:00:00Z,Xie Fuzhi,Communist Party of China,Shang Jiang,Yi Ji Shang Jiang,Zhong Jiang
http://www.wikidata.org/entity/Q8299786,0,1955-09-27T00:00:00Z,Zhong Qiguang,Communist Party of China,Shang Jiang,Da Jiang,Zhong Jiang
http://www.wikidata.org/entity/Q701146,0,1955-09-27T00:00:00Z,Dong Qiwu,Communist Party of China,Shang Jiang,Yi Ji Shang Jiang,Zhong Jiang
http://www.wikidata.org/entity/Q4054952,0,1940-09-06T00:00:00Z,Tikhon Abramov,Communist Party of the Soviet Union,major,lieutenant colonel,captain
http://www.wikidata.org/entity/Q6538916,0,1955-09-27T00:00:00Z,Li Kenong,Communist Party of China,Shang Jiang,Da Jiang,Zhong Jiang
http://www.wikidata.org/entity/Q701254,0,1955-09-27T00:00:00Z,Zhou Shidi,Communist Party of China,Shang Jiang,Da Jiang,Zhong Jiang
http://www.wikidata.org/entity/Q698759,0,1955-09-27T00:00:00Z,Hong Xuezhi,Communist Party of China,Shang Jiang,Da Jiang,Zhong Jiang
http://www.wikidata.org/entity/Q710115,0,1955-09-27T00:00:00Z,Chen Xilian,Communist Party of China,Shang Jiang,Yi Ji Shang Jiang,Zhong Jiang
http://www.wikidata.org/entity/Q837398,0,1955-09-27T00:00:00Z,Chen Zaidao,Communist Party of China,Shang Jiang,Yi Ji Shang Jiang,Zhong Jiang
http://www.wikidata.org/entity/Q8314131,0,1955-09-27T00:00:00Z,Peng Shaohui,Communist Party of China,Shang Jiang,Da Jiang,Zhong Jiang
http://www.wikidata.org/entity/Q708941,0,1955-09-27T00:00:00Z,Xiao Ke,Communist Party of China,Shang Jiang,Da Jiang,Zhong Jiang
http://www.wikidata.org/entity/Q8314155,0,1955-09-27T00:00:00Z,Li Da,Communist Party of China,Shang Jiang,Da Jiang,Zhong Jiang
http://www.wikidata.org/entity/Q513976,0,1955-09-27T00:00:00Z,Wang Zhen,Communist Party of China,Shang Jiang,Yi Ji Shang Jiang,Zhong Jiang
http://www.wikidata.org/entity/Q8314185,0,1955-09-27T00:00:00Z,Xiao Hua,Communist Party of China,Shang Jiang,Yi Ji Shang Jiang,Zhong Jiang
http://www.wikidata.org/entity/Q576272,0,1955-09-27T00:00:00Z,Lü Zhengcao,Communist Party of China,Shang Jiang,Da Jiang,Zhong Jiang
http://www.wikidata.org/entity/Q835115,0,1955-09-27T00:00:00Z,Xu Shiyou,Communist Party of China,Shang Jiang,Da Jiang,Zhong Jiang
http://www.wikidata.org/entity/Q35314,0,1943-02-12T00:00:00Z,Nikita Khrushchev,Communist Party of the Soviet Union,lieutenant general,colonel general,major general
http://www.wikidata.org/entity/Q495182,0,1955-09-27T00:00:00Z,Song Shi-Lun,Communist Party of China,Shang Jiang,Yi Ji Shang Jiang,Zhong Jiang
http://www.wikidata.org/entity/Q3139184,0,1955-09-27T00:00:00Z,Wei Guoqing,Communist Party of China,Shang Jiang,Da Jiang,Zhong Jiang
http://www.wikidata.org/entity/Q4054925,0,1936-01-13T00:00:00Z,Konstantin Abramov,Communist Party of the Soviet Union,lieutenant,,
http://www.wikidata.org/entity/Q40482,0,1944-06-29T00:00:00Z,Konstantin Rokossovsky,Communist Party of the Soviet Union,Marshal of the Soviet Union,Generalissimus of the Soviet Union,General of the army
http://www.wikidata.org/entity/Q1926859,0,1955-09-27T00:00:00Z,Yang Dezhi,Communist Party of China,Shang Jiang,Da Jiang,Zhong Jiang
http://www.wikidata.org/entity/Q3066312,1,1955-01-01T00:00:00Z,Fan Ming,Communist Party of China,major general,lieutenant general,brigadier general
http://www.wikidata.org/entity/Q8314106,0,1955-09-27T00:00:00Z,Fu Qiutao,Communist Party of China,Shang Jiang,Yi Ji Shang Jiang,Zhong Jiang
http://www.wikidata.org/entity/Q8299284,0,1955-09-27T00:00:00Z,Zhou Huan,Communist Party of China,Shang Jiang,Da Jiang,Zhong Jiang
http://www.wikidata.org/entity/Q8314194,0,1955-09-27T00:00:00Z,He Bingyan,Communist Party of China,Shang Jiang,Yi Ji Shang Jiang,Zhong Jiang
http://www.wikidata.org/entity/Q8314162,0,1956-01-25T00:00:00Z,Wang Jian'an,Communist Party of China,Shang Jiang,Yi Ji Shang Jiang,Zhong Jiang
http://www.wikidata.org/entity/Q4059765,0,1942-01-01T00:00:00Z,Gevork Akopyants,Communist Party of the Soviet Union,senior lieutenant,,
http://www.wikidata.org/entity/Q716911,0,1955-09-27T00:00:00Z,Zhang Aiping,Communist Party of China,Shang Jiang,Da Jiang,Zhong Jiang
http://www.wikidata.org/entity/Q40482,0,1943-04-28T00:00:00Z,Konstantin Rokossovsky,Communist Party of the Soviet Union,General of the army,,
http://www.wikidata.org/entity/Q5646706,0,1955-09-27T00:00:00Z,Han Xianchu,Communist Party of China,Shang Jiang,Yi Ji Shang Jiang,Zhong Jiang
http://www.wikidata.org/entity/Q8299246,0,1955-09-27T00:00:00Z,Chen Bojun,Communist Party of China,Shang Jiang,Yi Ji Shang Jiang,Zhong Jiang
http://www.wikidata.org/entity/Q8070517,0,1955-09-27T00:00:00Z,Zhao Erlu,Communist Party of China,Shang Jiang,Da Jiang,Zhong Jiang
http://www.wikidata.org/entity/Q8314170,0,1955-09-27T00:00:00Z,Wang Xinting,Communist Party of China,Shang Jiang,Da Jiang,Zhong Jiang
http://www.wikidata.org/entity/Q7929343,0,1955-09-27T00:00:00Z,Yan Hongyan,Communist Party of China,Shang Jiang,Da Jiang,Zhong Jiang
http://www.wikidata.org/entity/Q8298445,0,1955-09-27T00:00:00Z,Wang Ping,Communist Party of China,Shang Jiang,Da Jiang,Zhong Jiang
http://www.wikidata.org/entity/Q8299045,0,1955-09-27T00:00:00Z,Fu Zhong,Communist Party of China,Shang Jiang,Yi Ji Shang Jiang,Zhong Jiang
http://www.wikidata.org/entity/Q7327,0,1957-11-05T00:00:00Z,Yuri Gagarin,Communist Party of the Soviet Union,lieutenant,,
http://www.wikidata.org/entity/Q6854077,0,1955-01-01T00:00:00Z,Ni Zhiliang,Communist Party of China,lieutenant general,colonel general,major general
http://www.wikidata.org/entity/Q4451388,0,1955-09-27T00:00:00Z,Tao Zhiyue,Communist Party of China,Shang Jiang,Da Jiang,Zhong Jiang
http://www.wikidata.org/entity/Q4054925,0,1941-12-16T00:00:00Z,Konstantin Abramov,Communist Party of the Soviet Union,podpolkovnik,colonel,major
http://www.wikidata.org/entity/Q8299305,0,1955-09-27T00:00:00Z,Li Tianyou,Communist Party of China,Shang Jiang,Yi Ji Shang Jiang,Zhong Jiang
http://www.wikidata.org/entity/Q8299200,0,1955-09-27T00:00:00Z,Deng Hua,Communist Party of China,Shang Jiang,Yi Ji Shang Jiang,Zhong Jiang
http://www.wikidata.org/entity/Q8299269,0,1955-09-27T00:00:00Z,Guo Tianmin,Communist Party of China,Shang Jiang,Da Jiang,Zhong Jiang
http://www.wikidata.org/entity/Q8293154,0,1955-09-27T00:00:00Z,Li Zhimin,Communist Party of China,Shang Jiang,Yi Ji Shang Jiang,Zhong Jiang
http://www.wikidata.org/entity/Q5520452,0,1955-09-27T00:00:00Z,Gan Siqi,Communist Party of China,Shang Jiang,Yi Ji Shang Jiang,Zhong Jiang
http://www.wikidata.org/entity/Q8299349,0,1955-09-27T00:00:00Z,Lai Chuanzhu,Communist Party of China,Shang Jiang,Da Jiang,Zhong Jiang
http://www.wikidata.org/entity/Q699398,0,1955-09-27T00:00:00Z,Ye Fei,Communist Party of China,Shang Jiang,Da Jiang,Zhong Jiang
http://www.wikidata.org/entity/Q8299786,0,1955-09-27T00:00:00Z,Zhong Qiguang,Communist Party of China,Shang Jiang,Yi Ji Shang Jiang,Zhong Jiang
http://www.wikidata.org/entity/Q2983888,0,1955-09-27T00:00:00Z,Yang Chengwu,Communist Party of China,Shang Jiang,Da Jiang,Zhong Jiang
http://www.wikidata.org/entity/Q4537824,0,1955-09-27T00:00:00Z,Yang Yong,Communist Party of China,Shang Jiang,Da Jiang,Zhong Jiang
http://www.wikidata.org/entity/Q6538916,0,1955-09-27T00:00:00Z,Li Kenong,Communist Party of China,Shang Jiang,Yi Ji Shang Jiang,Zhong Jiang
http://www.wikidata.org/entity/Q701254,0,1955-09-27T00:00:00Z,Zhou Shidi,Communist Party of China,Shang Jiang,Yi Ji Shang Jiang,Zhong Jiang
http://www.wikidata.org/entity/Q698759,0,1955-09-27T00:00:00Z,Hong Xuezhi,Communist Party of China,Shang Jiang,Yi Ji Shang Jiang,Zhong Jiang
http://www.wikidata.org/entity/Q5964482,0,1955-09-27T00:00:00Z,Zhu Liangcai,Communist Party of China,Shang Jiang,Da Jiang,Zhong Jiang
http://www.wikidata.org/entity/Q8314131,0,1955-09-27T00:00:00Z,Peng Shaohui,Communist Party of China,Shang Jiang,Yi Ji Shang Jiang,Zhong Jiang
http://www.wikidata.org/entity/Q708941,0,1955-09-27T00:00:00Z,Xiao Ke,Communist Party of China,Shang Jiang,Yi Ji Shang Jiang,Zhong Jiang
http://www.wikidata.org/entity/Q8314155,0,1955-09-27T00:00:00Z,Li Da,Communist Party of China,Shang Jiang,Yi Ji Shang Jiang,Zhong Jiang
http://www.wikidata.org/entity/Q576272,0,1955-09-27T00:00:00Z,Lü Zhengcao,Communist Party of China,Shang Jiang,Yi Ji Shang Jiang,Zhong Jiang
http://www.wikidata.org/entity/Q699118,0,1955-09-27T00:00:00Z,Liu Yalou,Communist Party of China,Kong Jun Shang Jiang,,Kong Jun Zhong Jiang
http://www.wikidata.org/entity/Q835115,0,1955-09-27T00:00:00Z,Xu Shiyou,Communist Party of China,Shang Jiang,Yi Ji Shang Jiang,Zhong Jiang
http://www.wikidata.org/entity/Q4054952,0,1942-02-25T00:00:00Z,Tikhon Abramov,Communist Party of the Soviet Union,podpolkovnik,colonel,major
http://www.wikidata.org/entity/Q8070454,0,1955-09-27T00:00:00Z,Zhang Zongxun,Communist Party of China,Shang Jiang,Da Jiang,Zhong Jiang
http://www.wikidata.org/entity/Q4054952,0,1936-01-24T00:00:00Z,Tikhon Abramov,Communist Party of the Soviet Union,captain,major,senior lieutenant
http://www.wikidata.org/entity/Q5090869,0,1955-09-27T00:00:00Z,Chen Qihan,Communist Party of China,Shang Jiang,Da Jiang,Zhong Jiang
http://www.wikidata.org/entity/Q3139184,0,1955-09-27T00:00:00Z,Wei Guoqing,Communist Party of China,Shang Jiang,Yi Ji Shang Jiang,Zhong Jiang
http://www.wikidata.org/entity/Q8272159,0,1955-09-27T00:00:00Z,Chen Mingren,Communist Party of China,Shang Jiang,Da Jiang,Zhong Jiang
http://www.wikidata.org/entity/Q40482,0,1940-06-04T00:00:00Z,Konstantin Rokossovsky,Communist Party of the Soviet Union,major general,lieutenant general,brigadier general
http://www.wikidata.org/entity/Q1926859,0,1955-09-27T00:00:00Z,Yang Dezhi,Communist Party of China,Shang Jiang,Yi Ji Shang Jiang,Zhong Jiang
http://www.wikidata.org/entity/Q8314147,0,1958-01-01T00:00:00Z,Li Jukui,Communist Party of China,Shang Jiang,Da Jiang,Zhong Jiang
http://www.wikidata.org/entity/Q48084,1,1955-01-01T00:00:00Z,Andrey Yeryomenko,Communist Party of the Soviet Union,Marshal of the Soviet Union,Generalissimus of the Soviet Union,General of the army
http://www.wikidata.org/entity/Q7928648,0,1955-09-27T00:00:00Z,Zhou Chunquan,Communist Party of China,Shang Jiang,Da Jiang,Zhong Jiang
http://www.wikidata.org/entity/Q710154,0,1955-09-27T00:00:00Z,Huang Yongsheng,Communist Party of China,Shang Jiang,Da Jiang,Zhong Jiang
http://www.wikidata.org/entity/Q8299284,0,1955-09-27T00:00:00Z,Zhou Huan,Communist Party of China,Shang Jiang,Yi Ji Shang Jiang,Zhong Jiang
http://www.wikidata.org/entity/Q40482,0,1935-11-26T00:00:00Z,Konstantin Rokossovsky,Communist Party of the Soviet Union,Komdiv,,
http://www.wikidata.org/entity/Q8299846,0,1955-09-27T00:00:00Z,Liu Zhen,Communist Party of China,Kong Jun Shang Jiang,,Kong Jun Zhong Jiang
http://www.wikidata.org/entity/Q48037,0,1942-10-01T00:00:00Z,Pyotr Koshevoy,Communist Party of the Soviet Union,major general,lieutenant general,brigadier general
http://www.wikidata.org/entity/Q7327,0,1959-11-06T00:00:00Z,Yuri Gagarin,Communist Party of the Soviet Union,senior lieutenant,,
http://www.wikidata.org/entity/Q716911,0,1955-09-27T00:00:00Z,Zhang Aiping,Communist Party of China,Shang Jiang,Yi Ji Shang Jiang,Zhong Jiang
http://www.wikidata.org/entity/Q8314120,0,1955-09-27T00:00:00Z,Tang Liang,Communist Party of China,Shang Jiang,Da Jiang,Zhong Jiang
http://www.wikidata.org/entity/Q704889,0,1955-09-27T00:00:00Z,Song Renqiong,Communist Party of China,Shang Jiang,Da Jiang,Zhong Jiang
http://www.wikidata.org/entity/Q8070517,0,1955-09-27T00:00:00Z,Zhao Erlu,Communist Party of China,Shang Jiang,Yi Ji Shang Jiang,Zhong Jiang
http://www.wikidata.org/entity/Q8314170,0,1955-09-27T00:00:00Z,Wang Xinting,Communist Party of China,Shang Jiang,Yi Ji Shang Jiang,Zhong Jiang
http://www.wikidata.org/entity/Q7929343,0,1955-09-27T00:00:00Z,Yan Hongyan,Communist Party of China,Shang Jiang,Yi Ji Shang Jiang,Zhong Jiang
http://www.wikidata.org/entity/Q8298445,0,1955-09-27T00:00:00Z,Wang Ping,Communist Party of China,Shang Jiang,Yi Ji Shang Jiang,Zhong Jiang
http://www.wikidata.org/entity/Q4451388,0,1955-09-27T00:00:00Z,Tao Zhiyue,Communist Party of China,Shang Jiang,Yi Ji Shang Jiang,Zhong Jiang
http://www.wikidata.org/entity/Q4054952,0,1942-11-30T00:00:00Z,Tikhon Abramov,Communist Party of the Soviet Union,colonel,brigadier,lieutenant colonel
http://www.wikidata.org/entity/Q42398,0,1943-01-01T00:00:00Z,Mikhail Sholokhov,Communist Party of the Soviet Union,colonel,brigadier,lieutenant colonel
http://www.wikidata.org/entity/Q40482,0,1914-08-08T00:00:00Z,Konstantin Rokossovsky,Communist Party of the Soviet Union,Gefreiter,junior sergeant,private
http://www.wikidata.org/entity/Q8299269,0,1955-09-27T00:00:00Z,Guo Tianmin,Communist Party of China,Shang Jiang,Yi Ji Shang Jiang,Zhong Jiang
http://www.wikidata.org/entity/Q4054925,0,1937-02-15T00:00:00Z,Konstantin Abramov,Communist Party of the Soviet Union,senior lieutenant,,
http://www.wikidata.org/entity/Q40482,0,1941-09-11T00:00:00Z,Konstantin Rokossovsky,Communist Party of the Soviet Union,lieutenant general,colonel general,major general
http://www.wikidata.org/entity/Q191702,0,1937-09-10T00:00:00Z,Semyon Timoshenko,Communist Party of the Soviet Union,Komandarm 2nd rank,,
http://www.wikidata.org/entity/Q159582,0,1942-01-01T00:00:00Z,Alexander Pokryshkin,Communist Party of the Soviet Union,captain,major,senior lieutenant
http://www.wikidata.org/entity/Q150894,0,1940-06-04T00:00:00Z,Aleksandr Vasilevsky,Communist Party of the Soviet Union,major general,lieutenant general,brigadier general
http://www.wikidata.org/entity/Q4065435,0,1956-11-26T00:00:00Z,Andrey Matveyevich Andreyev,Communist Party of the Soviet Union,colonel general,General of the Army,lieutenant general
http://www.wikidata.org/entity/Q4065509,0,1940-09-01T00:00:00Z,Nikolay Andreyev,Communist Party of the Soviet Union,Red Army man,,
http://www.wikidata.org/entity/Q550892,0,1943-09-23T00:00:00Z,Alexander Koldunov,Communist Party of the Soviet Union,lieutenant,,
http://www.wikidata.org/entity/Q204338,0,1938-07-15T00:00:00Z,Rodion Malinovsky,Communist Party of the Soviet Union,kombrig,,
http://www.wikidata.org/entity/Q4065509,0,1952-04-12T00:00:00Z,Nikolay Andreyev,Communist Party of the Soviet Union,podpolkovnik,colonel,major
http://www.wikidata.org/entity/Q319470,0,1944-04-24T00:00:00Z,Ivan Kozhedub,Communist Party of the Soviet Union,captain,major,senior lieutenant
http://www.wikidata.org/entity/Q4065509,0,1943-05-06T00:00:00Z,Nikolay Andreyev,Communist Party of the Soviet Union,senior lieutenant,,
http://www.wikidata.org/entity/Q312495,0,1941-07-10T00:00:00Z,Andrei Grechko,Communist Party of the Soviet Union,colonel,brigadier,lieutenant colonel
http://www.wikidata.org/entity/Q242474,0,1935-09-22T00:00:00Z,Semyon Budyonny,Communist Party of the Soviet Union,Marshal of the Soviet Union,Generalissimus of the Soviet Union,General of the army
http://www.wikidata.org/entity/Q4065435,0,1939-05-05T00:00:00Z,Andrey Matveyevich Andreyev,Communist Party of the Soviet Union,major,lieutenant colonel,captain
http://www.wikidata.org/entity/Q170842,0,1945-01-01T00:00:00Z,Sergei Korolev,Communist Party of the Soviet Union,colonel,brigadier,lieutenant colonel
http://www.wikidata.org/entity/Q185024,0,1939-02-08T00:00:00Z,Ivan Konev,Communist Party of the Soviet Union,Komandarm 2nd rank,,
http://www.wikidata.org/entity/Q4064997,0,1942-01-09T00:00:00Z,Mikhail Borisoviсh Anashkin,Communist Party of the Soviet Union,colonel,brigadier,lieutenant colonel
http://www.wikidata.org/entity/Q523332,0,1941-01-01T00:00:00Z,Yevgeny Savitsky,Communist Party of the Soviet Union,major,lieutenant colonel,captain
http://www.wikidata.org/entity/Q211139,0,1955-08-08T00:00:00Z,Mitrofan Krasnolutskiy,Communist Party of the Soviet Union,major general,lieutenant general,brigadier general
http://www.wikidata.org/entity/Q185024,0,1944-02-20T00:00:00Z,Ivan Konev,Communist Party of the Soviet Union,Marshal of the Soviet Union,Generalissimus of the Soviet Union,General of the army
http://www.wikidata.org/entity/Q4065435,0,1942-05-03T00:00:00Z,Andrey Matveyevich Andreyev,Communist Party of the Soviet Union,major general,lieutenant general,brigadier general
http://www.wikidata.org/entity/Q523332,0,1936-01-01T00:00:00Z,Yevgeny Savitsky,Communist Party of the Soviet Union,lieutenant,,
http://www.wikidata.org/entity/Q159582,0,1953-08-03T00:00:00Z,Alexander Pokryshkin,Communist Party of the Soviet Union,Air Force major general,,
http://www.wikidata.org/entity/Q321206,0,1942-02-02T00:00:00Z,Pavel Kutakhov,Communist Party of the Soviet Union,captain,major,senior lieutenant
http://www.wikidata.org/entity/Q4056834,0,1945-07-20T00:00:00Z,Nikolay Ageyev,Communist Party of the Soviet Union,senior lieutenant,,
http://www.wikidata.org/entity/Q185024,0,1941-09-11T00:00:00Z,Ivan Konev,Communist Party of the Soviet Union,colonel general,General of the Army,lieutenant general
http://www.wikidata.org/entity/Q83855,0,1945-07-09T00:00:00Z,Vasili Blokhin,Communist Party of the Soviet Union,major general,lieutenant general,brigadier general
http://www.wikidata.org/entity/Q550892,0,1949-05-06T00:00:00Z,Alexander Koldunov,Communist Party of the Soviet Union,podpolkovnik,colonel,major
http://www.wikidata.org/entity/Q523332,0,1941-11-06T00:00:00Z,Yevgeny Savitsky,Communist Party of the Soviet Union,podpolkovnik,colonel,major
http://www.wikidata.org/entity/Q312495,0,1943-04-28T00:00:00Z,Andrei Grechko,Communist Party of the Soviet Union,lieutenant general,colonel general,major general
http://www.wikidata.org/entity/Q312495,0,1936-01-01T00:00:00Z,Andrei Grechko,Communist Party of the Soviet Union,captain,major,senior lieutenant
http://www.wikidata.org/entity/Q167573,0,1941-07-01T00:00:00Z,Mikhail Kalashnikov,Communist Party of the Soviet Union,staff sergeant,,
http://www.wikidata.org/entity/Q191702,0,1940-05-07T00:00:00Z,Semyon Timoshenko,Communist Party of the Soviet Union,Marshal of the Soviet Union,Generalissimus of the Soviet Union,General of the army
http://www.wikidata.org/entity/Q523332,0,1943-03-17T00:00:00Z,Yevgeny Savitsky,Communist Party of the Soviet Union,Air Force major general,,
http://www.wikidata.org/entity/Q4056834,0,1957-06-20T00:00:00Z,Nikolay Ageyev,Communist Party of the Soviet Union,podpolkovnik,colonel,major
http://www.wikidata.org/entity/Q157594,0,1938-07-23T00:00:00Z,Vasily Chuikov,Communist Party of the Soviet Union,Komdiv,,
http://www.wikidata.org/entity/Q150894,0,1916-01-01T00:00:00Z,Aleksandr Vasilevsky,Communist Party of the Soviet Union,stabskapitän,,
http://www.wikidata.org/entity/Q319470,0,1953-08-03T00:00:00Z,Ivan Kozhedub,Communist Party of the Soviet Union,Air Force major general,,
http://www.wikidata.org/entity/Q312495,0,1955-03-11T00:00:00Z,Andrei Grechko,Communist Party of the Soviet Union,Marshal of the Soviet Union,Generalissimus of the Soviet Union,General of the army
http://www.wikidata.org/entity/Q157594,0,1948-11-12T00:00:00Z,Vasily Chuikov,Communist Party of the Soviet Union,General of the Army,,
http://www.wikidata.org/entity/Q4057939,0,1942-06-05T00:00:00Z,Vasily Adonkin,Communist Party of the Soviet Union,captain,major,senior lieutenant
http://www.wikidata.org/entity/Q319470,0,1951-01-03T00:00:00Z,Ivan Kozhedub,Communist Party of the Soviet Union,colonel,brigadier,lieutenant colonel
http://www.wikidata.org/entity/Q159582,0,1943-06-01T00:00:00Z,Alexander Pokryshkin,Communist Party of the Soviet Union,major,lieutenant colonel,captain
http://www.wikidata.org/entity/Q4065435,0,1945-04-20T00:00:00Z,Andrey Matveyevich Andreyev,Communist Party of the Soviet Union,lieutenant general,colonel general,major general
http://www.wikidata.org/entity/Q150894,0,1943-01-18T00:00:00Z,Aleksandr Vasilevsky,Communist Party of the Soviet Union,General of the army,,
http://www.wikidata.org/entity/Q319470,0,1944-11-19T00:00:00Z,Ivan Kozhedub,Communist Party of the Soviet Union,major,lieutenant colonel,captain
http://www.wikidata.org/entity/Q523332,0,1944-05-11T00:00:00Z,Yevgeny Savitsky,Communist Party of the Soviet Union,Air Force lieutenant general,,
http://www.wikidata.org/entity/Q4056834,0,1951-11-21T00:00:00Z,Nikolay Ageyev,Communist Party of the Soviet Union,major,lieutenant colonel,captain
http://www.wikidata.org/entity/Q342462,1,1956-01-01T00:00:00Z,Nikolay Gerasimovich Kuznetsov,Communist Party of the Soviet Union,vice admiral,admiral,counter admiral
http://www.wikidata.org/entity/Q321206,0,1939-09-22T00:00:00Z,Pavel Kutakhov,Communist Party of the Soviet Union,lieutenant,,
http://www.wikidata.org/entity/Q564852,0,1945-04-19T00:00:00Z,Semyon Kozak,Communist Party of the Soviet Union,lieutenant general,colonel general,major general
http://www.wikidata.org/entity/Q312495,0,1943-10-09T00:00:00Z,Andrei Grechko,Communist Party of the Soviet Union,colonel general,General of the Army,lieutenant general
http://www.wikidata.org/entity/Q523332,0,1938-01-01T00:00:00Z,Yevgeny Savitsky,Communist Party of the Soviet Union,captain,major,senior lieutenant
http://www.wikidata.org/entity/Q122658,0,1958-01-01T00:00:00Z,Vasiliy Rakov,Communist Party of the Soviet Union,Air Force major general,,
http://www.wikidata.org/entity/Q319470,0,1942-02-23T00:00:00Z,Ivan Kozhedub,Communist Party of the Soviet Union,Senior sergeant,,
http://www.wikidata.org/entity/Q150894,0,1915-05-01T00:00:00Z,Aleksandr Vasilevsky,Communist Party of the Soviet Union,Praporshchik,,
http://www.wikidata.org/entity/Q159582,0,1944-07-02T00:00:00Z,Alexander Pokryshkin,Communist Party of the Soviet Union,colonel,brigadier,lieutenant colonel
http://www.wikidata.org/entity/Q204338,0,1943-04-28T00:00:00Z,Rodion Malinovsky,Communist Party of the Soviet Union,General of the army,,
http://www.wikidata.org/entity/Q4065509,0,1942-08-13T00:00:00Z,Nikolay Andreyev,Communist Party of the Soviet Union,lieutenant,,
http://www.wikidata.org/entity/Q4064997,0,1943-01-15T00:00:00Z,Mikhail Borisoviсh Anashkin,Communist Party of the Soviet Union,major general,lieutenant general,brigadier general
http://www.wikidata.org/entity/Q550892,0,1943-03-30T00:00:00Z,Alexander Koldunov,Communist Party of the Soviet Union,sub-lieutenant,,
http://www.wikidata.org/entity/Q204338,0,1943-02-12T00:00:00Z,Rodion Malinovsky,Communist Party of the Soviet Union,colonel general,General of the Army,lieutenant general
http://www.wikidata.org/entity/Q550892,0,1957-12-07T00:00:00Z,Alexander Koldunov,Communist Party of the Soviet Union,Air Force major general,,
http://www.wikidata.org/entity/Q157594,0,1940-06-04T00:00:00Z,Vasily Chuikov,Communist Party of the Soviet Union,lieutenant general,colonel general,major general
http://www.wikidata.org/entity/Q157594,0,1955-03-11T00:00:00Z,Vasily Chuikov,Communist Party of the Soviet Union,Marshal of the Soviet Union,Generalissimus of the Soviet Union,General of the army
http://www.wikidata.org/entity/Q550892,0,1952-12-30T00:00:00Z,Alexander Koldunov,Communist Party of the Soviet Union,colonel,brigadier,lieutenant colonel
http://www.wikidata.org/entity/Q159582,0,1939-01-01T00:00:00Z,Alexander Pokryshkin,Communist Party of the Soviet Union,senior lieutenant,,
http://www.wikidata.org/entity/Q670030,0,1941-09-11T00:00:00Z,Issa Pliyev,Communist Party of the Soviet Union,major general,lieutenant general,brigadier general
http://www.wikidata.org/entity/Q4056834,0,1948-07-28T00:00:00Z,Nikolay Ageyev,Communist Party of the Soviet Union,captain,major,senior lieutenant
http://www.wikidata.org/entity/Q319470,0,1943-11-10T00:00:00Z,Ivan Kozhedub,Communist Party of the Soviet Union,senior lieutenant,,
http://www.wikidata.org/entity/Q157594,0,1939-02-09T00:00:00Z,Vasily Chuikov,Communist Party of the Soviet Union,Comcor,,
http://www.wikidata.org/entity/Q4055550,0,1943-02-04T00:00:00Z,Pyotr Avdeyenko,Communist Party of the Soviet Union,major general,lieutenant general,brigadier general
http://www.wikidata.org/entity/Q4064997,0,1945-07-11T00:00:00Z,Mikhail Borisoviсh Anashkin,Communist Party of the Soviet Union,lieutenant general,colonel general,major general
http://www.wikidata.org/entity/Q124617,0,1943-01-18T00:00:00Z,Georgy Zhukov,Communist Party of the Soviet Union,Marshal of the Soviet Union,Generalissimus of the Soviet Union,General of the army
http://www.wikidata.org/entity/Q670030,0,1945-05-29T00:00:00Z,Issa Pliyev,Communist Party of the Soviet Union,colonel general,General of the Army,lieutenant general
http://www.wikidata.org/entity/Q4056834,0,1943-08-26T00:00:00Z,Nikolay Ageyev,Communist Party of the Soviet Union,Unterleutnant,,
http://www.wikidata.org/entity/Q185024,0,1943-08-26T00:00:00Z,Ivan Konev,Communist Party of the Soviet Union,General of the army,,
http://www.wikidata.org/entity/Q4065435,0,1924-10-01T00:00:00Z,Andrey Matveyevich Andreyev,Communist Party of the Soviet Union,Red Army man,,
http://www.wikidata.org/entity/Q150894,0,1940-04-05T00:00:00Z,Aleksandr Vasilevsky,Communist Party of the Soviet Union,Komdiv,,
http://www.wikidata.org/entity/Q150894,0,1942-05-21T00:00:00Z,Aleksandr Vasilevsky,Communist Party of the Soviet Union,colonel general,General of the Army,lieutenant general
http://www.wikidata.org/entity/Q167573,0,1940-01-01T00:00:00Z,Mikhail Kalashnikov,Communist Party of the Soviet Union,sergeant,,corporal
http://www.wikidata.org/entity/Q312495,0,1941-11-09T00:00:00Z,Andrei Grechko,Communist Party of the Soviet Union,major general,lieutenant general,brigadier general
http://www.wikidata.org/entity/Q321206,0,1941-10-14T00:00:00Z,Pavel Kutakhov,Communist Party of the Soviet Union,senior lieutenant,,
http://www.wikidata.org/entity/Q321206,0,1942-06-29T00:00:00Z,Pavel Kutakhov,Communist Party of the Soviet Union,major,lieutenant colonel,captain
http://www.wikidata.org/entity/Q141829,1,1945-01-01T00:00:00Z,Lavrentiy Beria,Communist Party of the Soviet Union,Marshal of the Soviet Union,Generalissimus of the Soviet Union,General of the army
http://www.wikidata.org/entity/Q550892,0,1944-02-15T00:00:00Z,Alexander Koldunov,Communist Party of the Soviet Union,senior lieutenant,,
http://www.wikidata.org/entity/Q204338,0,1936-01-01T00:00:00Z,Rodion Malinovsky,Communist Party of the Soviet Union,colonel,brigadier,lieutenant colonel
http://www.wikidata.org/entity/Q523332,0,1937-01-01T00:00:00Z,Yevgeny Savitsky,Communist Party of the Soviet Union,senior lieutenant,,
http://www.wikidata.org/entity/Q321206,0,1944-10-24T00:00:00Z,Pavel Kutakhov,Communist Party of the Soviet Union,podpolkovnik,colonel,major
http://www.wikidata.org/entity/Q550892,0,1945-04-09T00:00:00Z,Alexander Koldunov,Communist Party of the Soviet Union,major,lieutenant colonel,captain
http://www.wikidata.org/entity/Q4056583,0,1935-01-01T00:00:00Z,Filipp Agaltsov,Communist Party of the Soviet Union,Regimental Commissioner,,
http://www.wikidata.org/entity/Q319470,0,1941-02-01T00:00:00Z,Ivan Kozhedub,Communist Party of the Soviet Union,sergeant,,corporal
http://www.wikidata.org/entity/Q204338,0,1941-11-09T00:00:00Z,Rodion Malinovsky,Communist Party of the Soviet Union,lieutenant general,colonel general,major general
http://www.wikidata.org/entity/Q4056834,0,1944-04-27T00:00:00Z,Nikolay Ageyev,Communist Party of the Soviet Union,lieutenant,,
http://www.wikidata.org/entity/Q4065435,0,1936-04-17T00:00:00Z,Andrey Matveyevich Andreyev,Communist Party of the Soviet Union,senior politruk,,
http://www.wikidata.org/entity/Q150894,0,1943-02-16T00:00:00Z,Aleksandr Vasilevsky,Communist Party of the Soviet Union,Marshal of the Soviet Union,Generalissimus of the Soviet Union,General of the army
http://www.wikidata.org/entity/Q321206,0,1950-06-27T00:00:00Z,Pavel Kutakhov,Communist Party of the Soviet Union,colonel,brigadier,lieutenant colonel
http://www.wikidata.org/entity/Q4056583,0,1955-08-08T00:00:00Z,Filipp Agaltsov,Communist Party of the Soviet Union,Air Force colonel general,,
http://www.wikidata.org/entity/Q4065509,0,1957-06-29T00:00:00Z,Nikolay Andreyev,Communist Party of the Soviet Union,colonel,brigadier,lieutenant colonel
http://www.wikidata.org/entity/Q4056583,0,1946-03-01T00:00:00Z,Filipp Agaltsov,Communist Party of the Soviet Union,Air Force lieutenant general,,
http://www.wikidata.org/entity/Q157594,0,1935-11-20T00:00:00Z,Vasily Chuikov,Communist Party of the Soviet Union,kombrig,,
http://www.wikidata.org/entity/Q180588,0,1943-03-12T00:00:00Z,Georgy Malenkov,Communist Party of the Soviet Union,lieutenant general,colonel general,major general
http://www.wikidata.org/entity/Q321206,0,1954-05-31T00:00:00Z,Pavel Kutakhov,Communist Party of the Soviet Union,Air Force major general,,
http://www.wikidata.org/entity/Q191702,0,1939-02-08T00:00:00Z,Semyon Timoshenko,Communist Party of the Soviet Union,Komandarm 1st rank,,
http://www.wikidata.org/entity/Q150894,0,1936-01-01T00:00:00Z,Aleksandr Vasilevsky,Communist Party of the Soviet Union,colonel,brigadier,lieutenant colonel
http://www.wikidata.org/entity/Q729274,1,1945-01-01T00:00:00Z,Dmitri Shepilov,Communist Party of the Soviet Union,major general,lieutenant general,brigadier general
http://www.wikidata.org/entity/Q653173,1,1955-01-01T00:00:00Z,Vasily Kazakov,Communist Party of the Soviet Union,Marshal of the branch,,
http://www.wikidata.org/entity/Q185024,0,1940-06-04T00:00:00Z,Ivan Konev,Communist Party of the Soviet Union,lieutenant general,colonel general,major general
http://www.wikidata.org/entity/Q4056583,0,1940-01-01T00:00:00Z,Filipp Agaltsov,Communist Party of the Soviet Union,colonel,brigadier,lieutenant colonel
http://www.wikidata.org/entity/Q157594,0,1943-10-27T00:00:00Z,Vasily Chuikov,Communist Party of the Soviet Union,colonel general,General of the Army,lieutenant general
http://www.wikidata.org/entity/Q186185,0,1935-11-01T00:00:00Z,Kliment Voroshilov,Communist Party of the Soviet Union,Marshal of the Soviet Union,Generalissimus of the Soviet Union,General of the army
http://www.wikidata.org/entity/Q4065509,0,1942-03-17T00:00:00Z,Nikolay Andreyev,Communist Party of the Soviet Union,mladshy leytenant,,
http://www.wikidata.org/entity/Q204338,0,1944-09-10T00:00:00Z,Rodion Malinovsky,Communist Party of the Soviet Union,Marshal of the Soviet Union,Generalissimus of the Soviet Union,General of the army
http://www.wikidata.org/entity/Q185024,0,1938-02-22T00:00:00Z,Ivan Konev,Communist Party of the Soviet Union,Comcor,,
http://www.wikidata.org/entity/Q319470,0,1943-08-05T00:00:00Z,Ivan Kozhedub,Communist Party of the Soviet Union,lieutenant,,
http://www.wikidata.org/entity/Q150894,0,1938-08-16T00:00:00Z,Aleksandr Vasilevsky,Communist Party of the Soviet Union,kombrig,,
http://www.wikidata.org/entity/Q319470,0,1949-01-20T00:00:00Z,Ivan Kozhedub,Communist Party of the Soviet Union,podpolkovnik,colonel,major
http://www.wikidata.org/entity/Q342462,0,1953-05-11T00:00:00Z,Nikolay Gerasimovich Kuznetsov,Communist Party of the Soviet Union,Admiral of the fleet (USSR),,
http://www.wikidata.org/entity/Q312495,0,1953-08-03T00:00:00Z,Andrei Grechko,Communist Party of the Soviet Union,General of the army,,
http://www.wikidata.org/entity/Q4065435,0,1940-02-13T00:00:00Z,Andrey Matveyevich Andreyev,Communist Party of the Soviet Union,colonel,brigadier,lieutenant colonel
http://www.wikidata.org/entity/Q204338,0,1940-06-04T00:00:00Z,Rodion Malinovsky,Communist Party of the Soviet Union,major general,lieutenant general,brigadier general
http://www.wikidata.org/entity/Q342462,0,1944-05-31T00:00:00Z,Nikolay Gerasimovich Kuznetsov,Communist Party of the Soviet Union,Admiral of the fleet (USSR),,
http://www.wikidata.org/entity/Q523332,0,1942-07-01T00:00:00Z,Yevgeny Savitsky,Communist Party of the Soviet Union,colonel,brigadier,lieutenant colonel
http://www.wikidata.org/entity/Q185024,0,1935-11-26T00:00:00Z,Ivan Konev,Communist Party of the Soviet Union,Komdiv,,
http://www.wikidata.org/entity/Q191702,0,1935-09-30T00:00:00Z,Semyon Timoshenko,Communist Party of the Soviet Union,Comcor,,
http://www.wikidata.org/entity/Q523332,0,1955-08-08T00:00:00Z,Yevgeny Savitsky,Communist Party of the Soviet Union,Air Force colonel general,,
http://www.wikidata.org/entity/Q4065509,0,1945-03-09T00:00:00Z,Nikolay Andreyev,Communist Party of the Soviet Union,captain,major,senior lieutenant
http://www.wikidata.org/entity/Q4056583,0,1943-05-28T00:00:00Z,Filipp Agaltsov,Communist Party of the Soviet Union,Air Force major general,,
http://www.wikidata.org/entity/Q4065509,0,1949-03-14T00:00:00Z,Nikolay Andreyev,Communist Party of the Soviet Union,major,lieutenant colonel,captain
http://www.wikidata.org/entity/Q150894,0,1941-10-28T00:00:00Z,Aleksandr Vasilevsky,Communist Party of the Soviet Union,lieutenant general,colonel general,major general
http://www.wikidata.org/entity/Q1968256,0,1942-10-29T00:00:00Z,Stepan Shutov,Communist Party of the Soviet Union,podpolkovnik,colonel,major
http://www.wikidata.org/entity/Q444979,0,1941-04-08T00:00:00Z,Ivan Danilovich Chernyakhovsky,Communist Party of the Soviet Union,colonel,brigadier,lieutenant colonel
http://www.wikidata.org/entity/Q4067096,0,1955-06-13T00:00:00Z,Pyotr Antipov,Communist Party of the Soviet Union,colonel,brigadier,lieutenant colonel
http://www.wikidata.org/entity/Q4066884,0,1951-08-23T00:00:00Z,Anatoliy Andreyevich Anpilov,Communist Party of the Soviet Union,colonel,brigadier,lieutenant colonel
http://www.wikidata.org/entity/Q4090400,0,1935-01-01T00:00:00Z,Ivan Boyko,Communist Party of the Soviet Union,lieutenant,,
http://www.wikidata.org/entity/Q364451,0,1944-05-14T00:00:00Z,Georgy Beregovoy,Communist Party of the Soviet Union,captain,major,senior lieutenant
http://www.wikidata.org/entity/Q1981239,0,1941-09-01T00:00:00Z,Alexander Molodchy,Communist Party of the Soviet Union,senior lieutenant,,
http://www.wikidata.org/entity/Q4095811,0,1944-04-04T00:00:00Z,Anatoli Brandys,Communist Party of the Soviet Union,lieutenant,,
http://www.wikidata.org/entity/Q1981239,0,1949-07-09T00:00:00Z,Alexander Molodchy,Communist Party of the Soviet Union,colonel,brigadier,lieutenant colonel
http://www.wikidata.org/entity/Q1968671,0,1944-03-19T00:00:00Z,Vasily Glazunov,Communist Party of the Soviet Union,lieutenant general,colonel general,major general
http://www.wikidata.org/entity/Q4062992,0,1941-06-10T00:00:00Z,Alexander Altunin,Communist Party of the Soviet Union,lieutenant,,
http://www.wikidata.org/entity/Q1966944,0,1940-05-04T00:00:00Z,Timofey Khryukin,Communist Party of the Soviet Union,kombrig,,
http://www.wikidata.org/entity/Q927979,0,1945-04-20T00:00:00Z,Nikolai Kamanin,Communist Party of the Soviet Union,Air Force lieutenant general,,
http://www.wikidata.org/entity/Q765165,0,1942-12-15T00:00:00Z,Leonid Brezhnev,Communist Party of the Soviet Union,colonel,brigadier,lieutenant colonel
http://www.wikidata.org/entity/Q4061667,0,1941-08-19T00:00:00Z,Ivan Alyaksyeyew,Communist Party of the Soviet Union,major,lieutenant colonel,captain
http://www.wikidata.org/entity/Q364451,0,1956-04-02T00:00:00Z,Georgy Beregovoy,Communist Party of the Soviet Union,colonel,brigadier,lieutenant colonel
http://www.wikidata.org/entity/Q1966944,0,1935-01-01T00:00:00Z,Timofey Khryukin,Communist Party of the Soviet Union,lieutenant,,
http://www.wikidata.org/entity/Q4062992,0,1960-05-07T00:00:00Z,Alexander Altunin,Communist Party of the Soviet Union,major general,lieutenant general,brigadier general
http://www.wikidata.org/entity/Q4063155,0,1944-02-22T00:00:00Z,Ivan Alfyorov,Communist Party of the Soviet Union,lieutenant general,colonel general,major general
http://www.wikidata.org/entity/Q707715,0,1959-01-01T00:00:00Z,Mitrofan Nedelin,Communist Party of the Soviet Union,Chief Marshal,,
http://www.wikidata.org/entity/Q4067096,0,1944-06-28T00:00:00Z,Pyotr Antipov,Communist Party of the Soviet Union,senior lieutenant,,
http://www.wikidata.org/entity/Q1968256,0,1944-02-21T00:00:00Z,Stepan Shutov,Communist Party of the Soviet Union,colonel,brigadier,lieutenant colonel
http://www.wikidata.org/entity/Q4062992,0,1953-10-12T00:00:00Z,Alexander Altunin,Communist Party of the Soviet Union,colonel,brigadier,lieutenant colonel
http://www.wikidata.org/entity/Q370815,0,1941-09-16T00:00:00Z,Sergey Gorshkov,Communist Party of the Soviet Union,kontr-admiral,,
http://www.wikidata.org/entity/Q4066142,0,1939-09-04T00:00:00Z,Vladimir Andryushchenko,Communist Party of the Soviet Union,lieutenant,,
http://www.wikidata.org/entity/Q456714,0,1960-01-05T00:00:00Z,Vladimir Ilyushin,Communist Party of the Soviet Union,podpolkovnik,colonel,major
http://www.wikidata.org/entity/Q370815,0,1945-09-25T00:00:00Z,Sergey Gorshkov,Communist Party of the Soviet Union,vice admiral,admiral,counter admiral
http://www.wikidata.org/entity/Q927979,0,1943-03-17T00:00:00Z,Nikolai Kamanin,Communist Party of the Soviet Union,Air Force major general,,
http://www.wikidata.org/entity/Q1981239,0,1942-12-25T00:00:00Z,Alexander Molodchy,Communist Party of the Soviet Union,major,lieutenant colonel,captain
http://www.wikidata.org/entity/Q4066148,0,1938-11-05T00:00:00Z,Sergey Andryushchenko,Communist Party of the Soviet Union,captain,major,senior lieutenant
http://www.wikidata.org/entity/Q707715,0,1944-04-03T00:00:00Z,Mitrofan Nedelin,Communist Party of the Soviet Union,colonel general,General of the Army,lieutenant general
http://www.wikidata.org/entity/Q707715,0,1943-09-25T00:00:00Z,Mitrofan Nedelin,Communist Party of the Soviet Union,lieutenant general,colonel general,major general
http://www.wikidata.org/entity/Q444566,0,1938-04-29T00:00:00Z,Polina Osipenko,Communist Party of the Soviet Union,senior lieutenant,,
http://www.wikidata.org/entity/Q1966944,0,1944-05-11T00:00:00Z,Timofey Khryukin,Communist Party of the Soviet Union,Air Force colonel general,,
http://www.wikidata.org/entity/Q444979,0,1943-02-14T00:00:00Z,Ivan Danilovich Chernyakhovsky,Communist Party of the Soviet Union,lieutenant general,colonel general,major general
http://www.wikidata.org/entity/Q713943,0,1943-01-01T00:00:00Z,Ivan Papanin,Communist Party of the Soviet Union,Contraalmirante,,
http://www.wikidata.org/entity/Q4066148,0,1942-11-17T00:00:00Z,Sergey Andryushchenko,Communist Party of the Soviet Union,podpolkovnik,colonel,major
http://www.wikidata.org/entity/Q364451,0,1949-10-15T00:00:00Z,Georgy Beregovoy,Communist Party of the Soviet Union,podpolkovnik,colonel,major
http://www.wikidata.org/entity/Q1968256,0,1937-08-27T00:00:00Z,Stepan Shutov,Communist Party of the Soviet Union,captain,major,senior lieutenant
http://www.wikidata.org/entity/Q4066142,0,1942-07-17T00:00:00Z,Vladimir Andryushchenko,Communist Party of the Soviet Union,captain,major,senior lieutenant
http://www.wikidata.org/entity/Q4066884,0,1944-10-23T00:00:00Z,Anatoliy Andreyevich Anpilov,Communist Party of the Soviet Union,major,lieutenant colonel,captain
http://www.wikidata.org/entity/Q4066148,0,1953-08-03T00:00:00Z,Sergey Andryushchenko,Communist Party of the Soviet Union,major general,lieutenant general,brigadier general
http://www.wikidata.org/entity/Q4100946,0,1942-01-01T00:00:00Z,Nikolay Bykov,Communist Party of the Soviet Union,captain,major,senior lieutenant
http://www.wikidata.org/entity/Q1981239,0,1938-11-22T00:00:00Z,Alexander Molodchy,Communist Party of the Soviet Union,sub-lieutenant,,
http://www.wikidata.org/entity/Q382059,0,1936-01-01T00:00:00Z,Afanasy Beloborodov,Communist Party of the Soviet Union,senior lieutenant,,
http://www.wikidata.org/entity/Q932435,0,1940-01-01T00:00:00Z,Stepan Suprun,Communist Party of the Soviet Union,podpolkovnik,colonel,major
http://www.wikidata.org/entity/Q4090400,0,1937-01-01T00:00:00Z,Ivan Boyko,Communist Party of the Soviet Union,senior lieutenant,,
http://www.wikidata.org/entity/Q1966944,0,1943-03-17T00:00:00Z,Timofey Khryukin,Communist Party of the Soviet Union,Air Force lieutenant general,,
http://www.wikidata.org/entity/Q4062992,0,1944-06-29T00:00:00Z,Alexander Altunin,Communist Party of the Soviet Union,captain,major,senior lieutenant
http://www.wikidata.org/entity/Q4095811,0,1945-01-27T00:00:00Z,Anatoli Brandys,Communist Party of the Soviet Union,captain,major,senior lieutenant
http://www.wikidata.org/entity/Q4090400,0,1944-08-02T00:00:00Z,Ivan Boyko,Communist Party of the Soviet Union,colonel,brigadier,lieutenant colonel
http://www.wikidata.org/entity/Q4095811,0,1956-01-04T00:00:00Z,Anatoli Brandys,Communist Party of the Soviet Union,colonel,brigadier,lieutenant colonel
http://www.wikidata.org/entity/Q4061667,0,1942-09-18T00:00:00Z,Ivan Alyaksyeyew,Communist Party of the Soviet Union,colonel,brigadier,lieutenant colonel
http://www.wikidata.org/entity/Q4062992,0,1944-09-28T00:00:00Z,Alexander Altunin,Communist Party of the Soviet Union,major,lieutenant colonel,captain
http://www.wikidata.org/entity/Q4063155,0,1942-12-31T00:00:00Z,Ivan Alfyorov,Communist Party of the Soviet Union,major general,lieutenant general,brigadier general
http://www.wikidata.org/entity/Q4090400,0,1942-05-24T00:00:00Z,Ivan Boyko,Communist Party of the Soviet Union,major,lieutenant colonel,captain
http://www.wikidata.org/entity/Q1966944,0,1937-01-01T00:00:00Z,Timofey Khryukin,Communist Party of the Soviet Union,senior lieutenant,,
http://www.wikidata.org/entity/Q4062992,0,1943-04-07T00:00:00Z,Alexander Altunin,Communist Party of the Soviet Union,senior lieutenant,,
http://www.wikidata.org/entity/Q4066148,0,1959-05-25T00:00:00Z,Sergey Andryushchenko,Communist Party of the Soviet Union,lieutenant general,colonel general,major general
http://www.wikidata.org/entity/Q924999,0,1936-03-20T00:00:00Z,Grigory Kravchenko,Communist Party of the Soviet Union,lieutenant,,
http://www.wikidata.org/entity/Q4061667,0,1942-01-16T00:00:00Z,Ivan Alyaksyeyew,Communist Party of the Soviet Union,podpolkovnik,colonel,major
http://www.wikidata.org/entity/Q4066142,0,1957-08-27T00:00:00Z,Vladimir Andryushchenko,Communist Party of the Soviet Union,major general,lieutenant general,brigadier general
http://www.wikidata.org/entity/Q765165,0,1944-11-02T00:00:00Z,Leonid Brezhnev,Communist Party of the Soviet Union,major general,lieutenant general,brigadier general
http://www.wikidata.org/entity/Q444979,0,1944-06-26T00:00:00Z,Ivan Danilovich Chernyakhovsky,Communist Party of the Soviet Union,General of the army,,
http://www.wikidata.org/entity/Q2832540,1,1955-08-04T00:00:00Z,Alexander Yefimov,Communist Party of the Soviet Union,colonel,brigadier,lieutenant colonel
http://www.wikidata.org/entity/Q2833725,1,1955-01-01T00:00:00Z,Alexander Gorbatov,Communist Party of the Soviet Union,Commandant,,
http://www.wikidata.org/entity/Q4066884,0,1959-05-25T00:00:00Z,Anatoliy Andreyevich Anpilov,Communist Party of the Soviet Union,Air Force major general,,
http://www.wikidata.org/entity/Q4070780,0,1942-02-20T00:00:00Z,Vasili Sergeyevich Arkhipov,Communist Party of the Soviet Union,podpolkovnik,colonel,major
http://www.wikidata.org/entity/Q456714,0,1956-12-17T00:00:00Z,Vladimir Ilyushin,Communist Party of the Soviet Union,major,lieutenant colonel,captain
http://www.wikidata.org/entity/Q444566,0,1938-07-20T00:00:00Z,Polina Osipenko,Communist Party of the Soviet Union,captain,major,senior lieutenant
http://www.wikidata.org/entity/Q924999,0,1940-06-04T00:00:00Z,Grigory Kravchenko,Communist Party of the Soviet Union,Air Force lieutenant general,,
http://www.wikidata.org/entity/Q364451,0,1943-10-10T00:00:00Z,Georgy Beregovoy,Communist Party of the Soviet Union,senior lieutenant,,
http://www.wikidata.org/entity/Q2027889,0,1957-01-01T00:00:00Z,Grigoriy Rechkalov,Communist Party of the Soviet Union,Air Force major general,,
http://www.wikidata.org/entity/Q4095811,0,1949-01-20T00:00:00Z,Anatoli Brandys,Communist Party of the Soviet Union,major,lieutenant colonel,captain
http://www.wikidata.org/entity/Q670030,0,1943-10-29T00:00:00Z,Issa Pliyev,Communist Party of the Soviet Union,lieutenant general,colonel general,major general
http://www.wikidata.org/entity/Q446845,0,1940-01-01T00:00:00Z,Mikhail Lukin,Communist Party of the Soviet Union,lieutenant general,colonel general,major general
http://www.wikidata.org/entity/Q1966944,0,1940-06-04T00:00:00Z,Timofey Khryukin,Communist Party of the Soviet Union,Air Force major general,,
http://www.wikidata.org/entity/Q4090400,0,1943-01-01T00:00:00Z,Ivan Boyko,Communist Party of the Soviet Union,podpolkovnik,colonel,major
http://www.wikidata.org/entity/Q4095811,0,1943-07-19T00:00:00Z,Anatoli Brandys,Communist Party of the Soviet Union,sub-lieutenant,,
http://www.wikidata.org/entity/Q1981239,0,1942-03-18T00:00:00Z,Alexander Molodchy,Communist Party of the Soviet Union,captain,major,senior lieutenant
http://www.wikidata.org/entity/Q670030,0,1939-01-01T00:00:00Z,Issa Pliyev,Communist Party of the Soviet Union,colonel,brigadier,lieutenant colonel
http://www.wikidata.org/entity/Q4066142,0,1941-01-01T00:00:00Z,Vladimir Andryushchenko,Communist Party of the Soviet Union,senior lieutenant,,
http://www.wikidata.org/entity/Q707715,0,1942-05-13T00:00:00Z,Mitrofan Nedelin,Communist Party of the Soviet Union,major general,lieutenant general,brigadier general
http://www.wikidata.org/entity/Q4066148,0,1942-02-17T00:00:00Z,Sergey Andryushchenko,Communist Party of the Soviet Union,major,lieutenant colonel,captain
http://www.wikidata.org/entity/Q4090400,0,1941-09-01T00:00:00Z,Ivan Boyko,Communist Party of the Soviet Union,captain,major,senior lieutenant
http://www.wikidata.org/entity/Q382059,0,1945-05-05T00:00:00Z,Afanasy Beloborodov,Communist Party of the Soviet Union,colonel general,General of the Army,lieutenant general
http://www.wikidata.org/entity/Q4070780,0,1942-07-23T00:00:00Z,Vasili Sergeyevich Arkhipov,Communist Party of the Soviet Union,colonel,brigadier,lieutenant colonel
http://www.wikidata.org/entity/Q4066884,0,1948-05-13T00:00:00Z,Anatoliy Andreyevich Anpilov,Communist Party of the Soviet Union,podpolkovnik,colonel,major
http://www.wikidata.org/entity/Q2621021,1,1945-01-01T00:00:00Z,Sergei Kruglov,Communist Party of the Soviet Union,colonel general,General of the Army,lieutenant general
http://www.wikidata.org/entity/Q4095811,0,1952-04-14T00:00:00Z,Anatoli Brandys,Communist Party of the Soviet Union,podpolkovnik,colonel,major
http://www.wikidata.org/entity/Q382059,0,1941-11-26T00:00:00Z,Afanasy Beloborodov,Communist Party of the Soviet Union,major general,lieutenant general,brigadier general
http://www.wikidata.org/entity/Q707715,0,1953-08-04T00:00:00Z,Mitrofan Nedelin,Communist Party of the Soviet Union,Marshal of the branch,,
http://www.wikidata.org/entity/Q382059,0,1944-02-22T00:00:00Z,Afanasy Beloborodov,Communist Party of the Soviet Union,lieutenant general,colonel general,major general
http://www.wikidata.org/entity/Q370815,0,1939-01-01T00:00:00Z,Sergey Gorshkov,Communist Party of the Soviet Union,captain 2nd rank,captain 1st rank,Captain 3rd rank
http://www.wikidata.org/entity/Q444566,0,1939-02-01T00:00:00Z,Polina Osipenko,Communist Party of the Soviet Union,major,lieutenant colonel,captain
http://www.wikidata.org/entity/Q4066148,0,1943-11-18T00:00:00Z,Sergey Andryushchenko,Communist Party of the Soviet Union,colonel,brigadier,lieutenant colonel
http://www.wikidata.org/entity/Q364451,0,1941-06-01T00:00:00Z,Georgy Beregovoy,Communist Party of the Soviet Union,sergeant,,corporal
http://www.wikidata.org/entity/Q765165,0,1941-06-01T00:00:00Z,Leonid Brezhnev,Communist Party of the Soviet Union,Brigadier Commissioner,,
http://www.wikidata.org/entity/Q1966944,0,1937-01-01T00:00:00Z,Timofey Khryukin,Communist Party of the Soviet Union,captain,major,senior lieutenant
http://www.wikidata.org/entity/Q924999,0,1938-02-19T00:00:00Z,Grigory Kravchenko,Communist Party of the Soviet Union,senior lieutenant,,
http://www.wikidata.org/entity/Q4067096,0,1948-11-12T00:00:00Z,Pyotr Antipov,Communist Party of the Soviet Union,major,lieutenant colonel,captain
http://www.wikidata.org/entity/Q927979,0,1938-02-21T00:00:00Z,Nikolai Kamanin,Communist Party of the Soviet Union,colonel,brigadier,lieutenant colonel
http://www.wikidata.org/entity/Q4095811,0,1944-08-16T00:00:00Z,Anatoli Brandys,Communist Party of the Soviet Union,senior lieutenant,,
http://www.wikidata.org/entity/Q924999,0,1940-02-01T00:00:00Z,Grigory Kravchenko,Communist Party of the Soviet Union,kombrig,,
http://www.wikidata.org/entity/Q1968256,0,1941-12-01T00:00:00Z,Stepan Shutov,Communist Party of the Soviet Union,major,lieutenant colonel,captain
http://www.wikidata.org/entity/Q4067096,0,1945-01-11T00:00:00Z,Pyotr Antipov,Communist Party of the Soviet Union,captain,major,senior lieutenant
http://www.wikidata.org/entity/Q765165,0,1953-08-04T00:00:00Z,Leonid Brezhnev,Communist Party of the Soviet Union,lieutenant general,colonel general,major general
http://www.wikidata.org/entity/Q924999,0,1940-04-11T00:00:00Z,Grigory Kravchenko,Communist Party of the Soviet Union,Komdiv,,
http://www.wikidata.org/entity/Q4062992,0,1950-02-21T00:00:00Z,Alexander Altunin,Communist Party of the Soviet Union,podpolkovnik,colonel,major
http://www.wikidata.org/entity/Q4067096,0,1958-02-18T00:00:00Z,Pyotr Antipov,Communist Party of the Soviet Union,major general,lieutenant general,brigadier general
http://www.wikidata.org/entity/Q704623,0,1954-05-31T00:00:00Z,Arseny Vorozheykin,Communist Party of the Soviet Union,Air Force major general,,
http://www.wikidata.org/entity/Q4066884,0,1942-04-09T00:00:00Z,Anatoliy Andreyevich Anpilov,Communist Party of the Soviet Union,captain,major,senior lieutenant
http://www.wikidata.org/entity/Q4066142,0,1944-01-07T00:00:00Z,Vladimir Andryushchenko,Communist Party of the Soviet Union,major,lieutenant colonel,captain
http://www.wikidata.org/entity/Q1981239,0,1955-08-08T00:00:00Z,Alexander Molodchy,Communist Party of the Soviet Union,Air Force major general,,
http://www.wikidata.org/entity/Q4066142,0,1951-01-03T00:00:00Z,Vladimir Andryushchenko,Communist Party of the Soviet Union,colonel,brigadier,lieutenant colonel
http://www.wikidata.org/entity/Q670030,0,1936-01-01T00:00:00Z,Issa Pliyev,Communist Party of the Soviet Union,captain,major,senior lieutenant
http://www.wikidata.org/entity/Q4066884,0,1940-07-26T00:00:00Z,Anatoliy Andreyevich Anpilov,Communist Party of the Soviet Union,senior lieutenant,,
http://www.wikidata.org/entity/Q2264350,0,1951-01-01T00:00:00Z,Dmitri Glinka,Communist Party of the Soviet Union,colonel,brigadier,lieutenant colonel
http://www.wikidata.org/entity/Q924999,0,1939-11-29T00:00:00Z,Grigory Kravchenko,Communist Party of the Soviet Union,colonel,brigadier,lieutenant colonel
http://www.wikidata.org/entity/Q1981239,0,1944-10-25T00:00:00Z,Alexander Molodchy,Communist Party of the Soviet Union,podpolkovnik,colonel,major
http://www.wikidata.org/entity/Q4067096,0,1942-03-15T00:00:00Z,Pyotr Antipov,Communist Party of the Soviet Union,lieutenant,,
http://www.wikidata.org/entity/Q364451,0,1945-06-08T00:00:00Z,Georgy Beregovoy,Communist Party of the Soviet Union,major,lieutenant colonel,captain
http://www.wikidata.org/entity/Q364451,0,1943-05-05T00:00:00Z,Georgy Beregovoy,Communist Party of the Soviet Union,lieutenant,,
http://www.wikidata.org/entity/Q4067096,0,1951-11-05T00:00:00Z,Pyotr Antipov,Communist Party of the Soviet Union,podpolkovnik,colonel,major
http://www.wikidata.org/entity/Q1966944,0,1938-09-26T00:00:00Z,Timofey Khryukin,Communist Party of the Soviet Union,colonel,brigadier,lieutenant colonel
http://www.wikidata.org/entity/Q444979,0,1944-03-05T00:00:00Z,Ivan Danilovich Chernyakhovsky,Communist Party of the Soviet Union,colonel general,General of the Army,lieutenant general
http://www.wikidata.org/entity/Q4066884,0,1936-11-05T00:00:00Z,Anatoliy Andreyevich Anpilov,Communist Party of the Soviet Union,lieutenant,,
http://www.wikidata.org/entity/Q924999,0,1938-09-26T00:00:00Z,Grigory Kravchenko,Communist Party of the Soviet Union,major,lieutenant colonel,captain
http://www.wikidata.org/entity/Q4066142,0,1945-03-16T00:00:00Z,Vladimir Andryushchenko,Communist Party of the Soviet Union,podpolkovnik,colonel,major
http://www.wikidata.org/entity/Q456714,0,1953-11-30T00:00:00Z,Vladimir Ilyushin,Communist Party of the Soviet Union,captain,major,senior lieutenant
http://www.wikidata.org/entity/Q734851,0,1940-06-04T00:00:00Z,Ivan Panfilov,Communist Party of the Soviet Union,major general,lieutenant general,brigadier general
http://www.wikidata.org/entity/Q4070780,0,1939-03-28T00:00:00Z,Vasili Sergeyevich Arkhipov,Communist Party of the Soviet Union,captain,major,senior lieutenant
http://www.wikidata.org/entity/Q4070780,0,1941-08-26T00:00:00Z,Vasili Sergeyevich Arkhipov,Communist Party of the Soviet Union,major,lieutenant colonel,captain
http://www.wikidata.org/entity/Q444979,0,1942-05-03T00:00:00Z,Ivan Danilovich Chernyakhovsky,Communist Party of the Soviet Union,major general,lieutenant general,brigadier general
http://www.wikidata.org/entity/Q1150789,0,1944-05-10T00:00:00Z,Nikolai Gulayev,Communist Party of the Soviet Union,captain,major,senior lieutenant
http://www.wikidata.org/entity/Q3013503,0,1943-11-17T00:00:00Z,Ivan Fesin,Communist Party of the Soviet Union,major general,lieutenant general,brigadier general
http://www.wikidata.org/entity/Q3156140,0,1945-05-05T00:00:00Z,Ivan Lyudnikov,Communist Party of the Soviet Union,colonel general,General of the Army,lieutenant general
http://www.wikidata.org/entity/Q1707264,0,1940-01-01T00:00:00Z,Hazi Aslanov,Communist Party of the Soviet Union,major,lieutenant colonel,captain
http://www.wikidata.org/entity/Q2363310,0,1941-08-07T00:00:00Z,Yakov Kreizer,Communist Party of the Soviet Union,major general,lieutenant general,brigadier general
http://www.wikidata.org/entity/Q4139767,0,1943-07-26T00:00:00Z,Boris Glinka,Communist Party of the Soviet Union,senior lieutenant,,
http://www.wikidata.org/entity/Q1332642,0,1939-01-01T00:00:00Z,Pavel Rybalko,Communist Party of the Soviet Union,kombrig,,
http://www.wikidata.org/entity/Q4331606,0,1942-07-31T00:00:00Z,Michael Odintsov,Communist Party of the Soviet Union,lieutenant,,
http://www.wikidata.org/entity/Q1197559,0,1935-11-11T00:00:00Z,Nikolay Voronov,Communist Party of the Soviet Union,kombrig,,
http://www.wikidata.org/entity/Q2363310,0,1943-02-14T00:00:00Z,Yakov Kreizer,Communist Party of the Soviet Union,lieutenant general,colonel general,major general
http://www.wikidata.org/entity/Q2468507,0,1955-03-10T00:00:00Z,Pavel Batov,Communist Party of the Soviet Union,General of the army,,
http://www.wikidata.org/entity/Q1150789,0,1942-08-16T00:00:00Z,Nikolai Gulayev,Communist Party of the Soviet Union,lieutenant,,
http://www.wikidata.org/entity/Q4184375,0,1946-01-01T00:00:00Z,Vasily Aleksandrovich Zaitsev,Communist Party of the Soviet Union,colonel,brigadier,lieutenant colonel
http://www.wikidata.org/entity/Q2914828,0,1940-06-04T00:00:00Z,Yakov Smushkevich,Communist Party of the Soviet Union,Air Force lieutenant general,,
http://www.wikidata.org/entity/Q1957703,0,1942-10-19T00:00:00Z,Aleksei Alelyukhin,Communist Party of the Soviet Union,senior lieutenant,,
http://www.wikidata.org/entity/Q1442217,0,1940-06-04T00:00:00Z,Sergey Denisov,Communist Party of the Soviet Union,Air Force lieutenant general,,
http://www.wikidata.org/entity/Q1197559,0,1940-03-22T00:00:00Z,Nikolay Voronov,Communist Party of the Soviet Union,Komandarm 2nd rank,,
http://www.wikidata.org/entity/Q1957703,0,1944-03-25T00:00:00Z,Aleksei Alelyukhin,Communist Party of the Soviet Union,major,lieutenant colonel,captain
http://www.wikidata.org/entity/Q3013503,0,1942-04-11T00:00:00Z,Ivan Fesin,Communist Party of the Soviet Union,podpolkovnik,colonel,major
http://www.wikidata.org/entity/Q3498539,0,1951-01-27T00:00:00Z,Vladimir Alexeyev,Communist Party of the Soviet Union,kontr-admiral,,
http://www.wikidata.org/entity/Q4125177,0,1956-03-29T00:00:00Z,Ivan Vorobyov,Communist Party of the Soviet Union,colonel,brigadier,lieutenant colonel
http://www.wikidata.org/entity/Q2832540,0,1951-06-23T00:00:00Z,Alexander Yefimov,Communist Party of the Soviet Union,podpolkovnik,colonel,major
http://www.wikidata.org/entity/Q1332642,0,1935-01-01T00:00:00Z,Pavel Rybalko,Communist Party of the Soviet Union,colonel,brigadier,lieutenant colonel
http://www.wikidata.org/entity/Q2992272,0,1943-01-18T00:00:00Z,Aleksandr Aleksandrovich Novikov,Communist Party of the Soviet Union,Air Force colonel general,,
http://www.wikidata.org/entity/Q3156140,0,1943-01-27T00:00:00Z,Ivan Lyudnikov,Communist Party of the Soviet Union,major general,lieutenant general,brigadier general
http://www.wikidata.org/entity/Q3918521,0,1944-09-10T00:00:00Z,Mikhail Vasilevich Avdeyev,Communist Party of the Soviet Union,colonel,brigadier,lieutenant colonel
http://www.wikidata.org/entity/Q2468507,0,1939-11-04T00:00:00Z,Pavel Batov,Communist Party of the Soviet Union,Komdiv,,
http://www.wikidata.org/entity/Q4229548,0,1945-04-10T00:00:00Z,Ivan Komzin,Communist Party of the Soviet Union,major general,lieutenant general,brigadier general
http://www.wikidata.org/entity/Q2707811,0,1940-04-01T00:00:00Z,Dmitry Lelyushenko,Communist Party of the Soviet Union,kombrig,,
http://www.wikidata.org/entity/Q1707264,0,1942-01-01T00:00:00Z,Hazi Aslanov,Communist Party of the Soviet Union,podpolkovnik,colonel,major
http://www.wikidata.org/entity/Q4141774,0,1957-01-01T00:00:00Z,Pavel Golovachyov,Communist Party of the Soviet Union,Air Force major general,,
http://www.wikidata.org/entity/Q1150789,0,1952-12-30T00:00:00Z,Nikolai Gulayev,Communist Party of the Soviet Union,colonel,brigadier,lieutenant colonel
http://www.wikidata.org/entity/Q982083,0,1943-01-01T00:00:00Z,Vladimir Kokkinaki,Communist Party of the Soviet Union,Air Force major general,,
http://www.wikidata.org/entity/Q1707264,0,1943-01-01T00:00:00Z,Hazi Aslanov,Communist Party of the Soviet Union,colonel,brigadier,lieutenant colonel
http://www.wikidata.org/entity/Q2992272,0,1940-06-04T00:00:00Z,Aleksandr Aleksandrovich Novikov,Communist Party of the Soviet Union,Air Force major general,,
http://www.wikidata.org/entity/Q2468507,0,1936-01-01T00:00:00Z,Pavel Batov,Communist Party of the Soviet Union,colonel,brigadier,lieutenant colonel
http://www.wikidata.org/entity/Q3498539,0,1939-10-03T00:00:00Z,Vladimir Alexeyev,Communist Party of the Soviet Union,senior lieutenant,,
http://www.wikidata.org/entity/Q1197559,0,1937-06-20T00:00:00Z,Nikolay Voronov,Communist Party of the Soviet Union,Comcor,,
http://www.wikidata.org/entity/Q3498539,0,1941-11-06T00:00:00Z,Vladimir Alexeyev,Communist Party of the Soviet Union,captain lieutenant,,
http://www.wikidata.org/entity/Q3498539,0,1944-07-20T00:00:00Z,Vladimir Alexeyev,Communist Party of the Soviet Union,captain 2nd rank,captain 1st rank,Captain 3rd rank
http://www.wikidata.org/entity/Q1197559,0,1943-01-10T00:00:00Z,Nikolay Voronov,Communist Party of the Soviet Union,Marshal of the branch,,
http://www.wikidata.org/entity/Q2707811,0,1940-06-04T00:00:00Z,Dmitry Lelyushenko,Communist Party of the Soviet Union,major general,lieutenant general,brigadier general
http://www.wikidata.org/entity/Q2992272,0,1941-10-29T00:00:00Z,Aleksandr Aleksandrovich Novikov,Communist Party of the Soviet Union,Air Force lieutenant general,,
http://www.wikidata.org/entity/Q4224222,0,1944-01-01T00:00:00Z,Aleksandr Klubov,Communist Party of the Soviet Union,captain,major,senior lieutenant
http://www.wikidata.org/entity/Q3918521,0,1942-11-19T00:00:00Z,Mikhail Vasilevich Avdeyev,Communist Party of the Soviet Union,major,lieutenant colonel,captain
http://www.wikidata.org/entity/Q2497621,0,1944-04-25T00:00:00Z,David Dragunsky,Communist Party of the Soviet Union,colonel,brigadier,lieutenant colonel
http://www.wikidata.org/entity/Q3918521,0,1937-05-24T00:00:00Z,Mikhail Vasilevich Avdeyev,Communist Party of the Soviet Union,lieutenant,,
http://www.wikidata.org/entity/Q2497621,0,1942-10-06T00:00:00Z,David Dragunsky,Communist Party of the Soviet Union,podpolkovnik,colonel,major
http://www.wikidata.org/entity/Q2707811,0,1959-05-08T00:00:00Z,Dmitry Lelyushenko,Communist Party of the Soviet Union,General of the army,,
http://www.wikidata.org/entity/Q2832540,0,1943-02-12T00:00:00Z,Alexander Yefimov,Communist Party of the Soviet Union,sub-lieutenant,,
http://www.wikidata.org/entity/Q4331606,0,1957-08-27T00:00:00Z,Michael Odintsov,Communist Party of the Soviet Union,Air Force major general,,
http://www.wikidata.org/entity/Q3498539,0,1944-01-03T00:00:00Z,Vladimir Alexeyev,Communist Party of the Soviet Union,Captain 3rd rank,,
http://www.wikidata.org/entity/Q1957703,0,1939-11-05T00:00:00Z,Aleksei Alelyukhin,Communist Party of the Soviet Union,sub-lieutenant,,
http://www.wikidata.org/entity/Q2992272,0,1944-02-21T00:00:00Z,Aleksandr Aleksandrovich Novikov,Communist Party of the Soviet Union,Chief Marshal,,
http://www.wikidata.org/entity/Q1957703,0,1948-04-13T00:00:00Z,Aleksei Alelyukhin,Communist Party of the Soviet Union,podpolkovnik,colonel,major
http://www.wikidata.org/entity/Q2497621,0,1941-07-01T00:00:00Z,David Dragunsky,Communist Party of the Soviet Union,captain,major,senior lieutenant
http://www.wikidata.org/entity/Q2682193,0,1941-06-01T00:00:00Z,Vasily Senko,Communist Party of the Soviet Union,Unterleutnant,,
http://www.wikidata.org/entity/Q1442217,0,1937-01-01T00:00:00Z,Sergey Denisov,Communist Party of the Soviet Union,major,lieutenant colonel,captain
http://www.wikidata.org/entity/Q1442217,0,1937-01-01T00:00:00Z,Sergey Denisov,Communist Party of the Soviet Union,colonel,brigadier,lieutenant colonel
http://www.wikidata.org/entity/Q1332642,0,1945-06-01T00:00:00Z,Pavel Rybalko,Communist Party of the Soviet Union,Marshal of the branch,,
http://www.wikidata.org/entity/Q4139767,0,1942-11-30T00:00:00Z,Boris Glinka,Communist Party of the Soviet Union,lieutenant,,
http://www.wikidata.org/entity/Q2832540,0,1942-01-01T00:00:00Z,Alexander Yefimov,Communist Party of the Soviet Union,Senior sergeant,,
http://www.wikidata.org/entity/Q4139767,0,1944-03-25T00:00:00Z,Boris Glinka,Communist Party of the Soviet Union,major,lieutenant colonel,captain
http://www.wikidata.org/entity/Q2372634,0,1956-01-01T00:00:00Z,Musa Gareyev,Communist Party of the Soviet Union,colonel,brigadier,lieutenant colonel
http://www.wikidata.org/entity/Q2469682,0,1936-01-01T00:00:00Z,Andrey Kravchenko,Communist Party of the Soviet Union,major,lieutenant colonel,captain
http://www.wikidata.org/entity/Q4139767,0,1940-01-01T00:00:00Z,Boris Glinka,Communist Party of the Soviet Union,sub-lieutenant,,
http://www.wikidata.org/entity/Q3918521,0,1939-11-20T00:00:00Z,Mikhail Vasilevich Avdeyev,Communist Party of the Soviet Union,senior lieutenant,,
http://www.wikidata.org/entity/Q2497621,0,1936-01-01T00:00:00Z,David Dragunsky,Communist Party of the Soviet Union,lieutenant,,
http://www.wikidata.org/entity/Q4331606,0,1944-08-05T00:00:00Z,Michael Odintsov,Communist Party of the Soviet Union,major,lieutenant colonel,captain
http://www.wikidata.org/entity/Q3918521,0,1957-04-06T00:00:00Z,Mikhail Vasilevich Avdeyev,Communist Party of the Soviet Union,Air Force major general,,
http://www.wikidata.org/entity/Q1442217,0,1939-08-08T00:00:00Z,Sergey Denisov,Communist Party of the Soviet Union,Komdiv,,
http://www.wikidata.org/entity/Q2912419,0,1949-01-01T00:00:00Z,Nikolai Chelnokov,Communist Party of the Soviet Union,Air Force major general,,
http://www.wikidata.org/entity/Q4331606,0,1949-04-05T00:00:00Z,Michael Odintsov,Communist Party of the Soviet Union,podpolkovnik,colonel,major
http://www.wikidata.org/entity/Q2832540,0,1942-06-01T00:00:00Z,Alexander Yefimov,Communist Party of the Soviet Union,sergeant,,corporal
http://www.wikidata.org/entity/Q4182966,0,1945-07-09T00:00:00Z,Avraami Zavenyagin,Communist Party of the Soviet Union,lieutenant general,colonel general,major general
http://www.wikidata.org/entity/Q3013503,0,1941-01-21T00:00:00Z,Ivan Fesin,Communist Party of the Soviet Union,major,lieutenant colonel,captain
http://www.wikidata.org/entity/Q2468507,0,1937-08-08T00:00:00Z,Pavel Batov,Communist Party of the Soviet Union,kombrig,,
http://www.wikidata.org/entity/Q3498539,0,1926-03-16T00:00:00Z,Vladimir Alexeyev,Communist Party of the Soviet Union,lieutenant,,
http://www.wikidata.org/entity/Q4331606,0,1943-08-05T00:00:00Z,Michael Odintsov,Communist Party of the Soviet Union,senior lieutenant,,
http://www.wikidata.org/entity/Q4338013,0,1943-11-13T00:00:00Z,Mikoła Aslikoŭski,Communist Party of the Soviet Union,lieutenant general,colonel general,major general
http://www.wikidata.org/entity/Q2497621,0,1938-11-04T00:00:00Z,David Dragunsky,Communist Party of the Soviet Union,senior lieutenant,,
http://www.wikidata.org/entity/Q2832540,0,1943-09-07T00:00:00Z,Alexander Yefimov,Communist Party of the Soviet Union,senior lieutenant,,
http://www.wikidata.org/entity/Q1957703,0,1941-09-08T00:00:00Z,Aleksei Alelyukhin,Communist Party of the Soviet Union,lieutenant,,
http://www.wikidata.org/entity/Q2468507,0,1944-06-29T00:00:00Z,Pavel Batov,Communist Party of the Soviet Union,colonel general,General of the Army,lieutenant general
http://www.wikidata.org/entity/Q4177482,0,1948-01-01T00:00:00Z,Vasily Yefremov,Communist Party of the Soviet Union,podpolkovnik,colonel,major
http://www.wikidata.org/entity/Q1332642,0,1940-06-04T00:00:00Z,Pavel Rybalko,Communist Party of the Soviet Union,major general,lieutenant general,brigadier general
http://www.wikidata.org/entity/Q1150789,0,1943-06-07T00:00:00Z,Nikolai Gulayev,Communist Party of the Soviet Union,senior lieutenant,,
http://www.wikidata.org/entity/Q2992272,0,1936-03-28T00:00:00Z,Aleksandr Aleksandrovich Novikov,Communist Party of the Soviet Union,colonel,brigadier,lieutenant colonel
http://www.wikidata.org/entity/Q3918521,0,1941-12-07T00:00:00Z,Mikhail Vasilevich Avdeyev,Communist Party of the Soviet Union,captain,major,senior lieutenant
http://www.wikidata.org/entity/Q1957703,0,1943-03-22T00:00:00Z,Aleksei Alelyukhin,Communist Party of the Soviet Union,captain,major,senior lieutenant
http://www.wikidata.org/entity/Q2469682,0,1939-01-01T00:00:00Z,Andrey Kravchenko,Communist Party of the Soviet Union,colonel,brigadier,lieutenant colonel
http://www.wikidata.org/entity/Q2468507,0,1940-06-04T00:00:00Z,Pavel Batov,Communist Party of the Soviet Union,lieutenant general,colonel general,major general
http://www.wikidata.org/entity/Q2363310,0,1935-12-24T00:00:00Z,Yakov Kreizer,Communist Party of the Soviet Union,major,lieutenant colonel,captain
http://www.wikidata.org/entity/Q2497621,0,1942-01-01T00:00:00Z,David Dragunsky,Communist Party of the Soviet Union,major,lieutenant colonel,captain
http://www.wikidata.org/entity/Q3013503,0,1943-02-14T00:00:00Z,Ivan Fesin,Communist Party of the Soviet Union,colonel,brigadier,lieutenant colonel
http://www.wikidata.org/entity/Q1197559,0,1944-02-21T00:00:00Z,Nikolay Voronov,Communist Party of the Soviet Union,Chief Marshal,,
http://www.wikidata.org/entity/Q2707811,0,1942-01-02T00:00:00Z,Dmitry Lelyushenko,Communist Party of the Soviet Union,lieutenant general,colonel general,major general
http://www.wikidata.org/entity/Q1442217,0,1938-02-22T00:00:00Z,Sergey Denisov,Communist Party of the Soviet Union,kombrig,,
http://www.wikidata.org/entity/Q1332642,0,1943-01-18T00:00:00Z,Pavel Rybalko,Communist Party of the Soviet Union,lieutenant general,colonel general,major general
http://www.wikidata.org/entity/Q2832540,0,1944-08-11T00:00:00Z,Alexander Yefimov,Communist Party of the Soviet Union,captain,major,senior lieutenant
http://www.wikidata.org/entity/Q3013503,0,1936-03-28T00:00:00Z,Ivan Fesin,Communist Party of the Soviet Union,captain,major,senior lieutenant
http://www.wikidata.org/entity/Q2363310,0,1945-07-02T00:00:00Z,Yakov Kreizer,Communist Party of the Soviet Union,colonel general,General of the Army,lieutenant general
http://www.wikidata.org/entity/Q3498539,0,1947-11-10T00:00:00Z,Vladimir Alexeyev,Communist Party of the Soviet Union,captain 1st rank,,
http://www.wikidata.org/entity/Q4125177,0,1941-07-01T00:00:00Z,Ivan Vorobyov,Communist Party of the Soviet Union,sergeant,,corporal
http://www.wikidata.org/entity/Q1442217,0,1936-01-01T00:00:00Z,Sergey Denisov,Communist Party of the Soviet Union,senior lieutenant,,
http://www.wikidata.org/entity/Q4224222,0,1940-01-01T00:00:00Z,Aleksandr Klubov,Communist Party of the Soviet Union,sub-lieutenant,,
http://www.wikidata.org/entity/Q2832540,0,1960-05-07T00:00:00Z,Alexander Yefimov,Communist Party of the Soviet Union,Air Force major general,,
http://www.wikidata.org/entity/Q2707811,0,1944-05-11T00:00:00Z,Dmitry Lelyushenko,Communist Party of the Soviet Union,colonel general,General of the Army,lieutenant general
http://www.wikidata.org/entity/Q4139767,0,1943-11-01T00:00:00Z,Boris Glinka,Communist Party of the Soviet Union,captain,major,senior lieutenant
http://www.wikidata.org/entity/Q1150789,0,1941-01-06T00:00:00Z,Nikolai Gulayev,Communist Party of the Soviet Union,sub-lieutenant,,
http://www.wikidata.org/entity/Q1957703,0,1950-10-20T00:00:00Z,Aleksei Alelyukhin,Communist Party of the Soviet Union,colonel,brigadier,lieutenant colonel
http://www.wikidata.org/entity/Q981449,0,1955-03-03T00:00:00Z,Ivan Isakov,Communist Party of the Soviet Union,Admiral of the Fleet of the Soviet Union,Generalissimus of the Soviet Union,Admiral of the fleet (USSR)
http://www.wikidata.org/entity/Q1150789,0,1945-04-30T00:00:00Z,Nikolai Gulayev,Communist Party of the Soviet Union,major,lieutenant colonel,captain
http://www.wikidata.org/entity/Q1442217,0,1937-01-01T00:00:00Z,Sergey Denisov,Communist Party of the Soviet Union,captain,major,senior lieutenant
http://www.wikidata.org/entity/Q1332642,0,1943-12-30T00:00:00Z,Pavel Rybalko,Communist Party of the Soviet Union,colonel general,General of the Army,lieutenant general
http://www.wikidata.org/entity/Q3918521,0,1943-04-26T00:00:00Z,Mikhail Vasilevich Avdeyev,Communist Party of the Soviet Union,podpolkovnik,colonel,major
http://www.wikidata.org/entity/Q4331606,0,1940-10-10T00:00:00Z,Michael Odintsov,Communist Party of the Soviet Union,sub-lieutenant,,
http://www.wikidata.org/entity/Q4139767,0,1951-11-05T00:00:00Z,Boris Glinka,Communist Party of the Soviet Union,colonel,brigadier,lieutenant colonel
http://www.wikidata.org/entity/Q2363310,0,1938-11-29T00:00:00Z,Yakov Kreizer,Communist Party of the Soviet Union,colonel,brigadier,lieutenant colonel
http://www.wikidata.org/entity/Q2392075,0,1943-04-01T00:00:00Z,Oleksiy Fedorov,Communist Party of the Soviet Union,major general,lieutenant general,brigadier general
http://www.wikidata.org/entity/Q4175336,0,1944-11-18T00:00:00Z,Amo Sergeevich Elyan,Communist Party of the Soviet Union,major general,lieutenant general,brigadier general
http://www.wikidata.org/entity/Q1150789,0,1949-05-06T00:00:00Z,Nikolai Gulayev,Communist Party of the Soviet Union,podpolkovnik,colonel,major
http://www.wikidata.org/entity/Q2622084,0,1943-04-01T00:00:00Z,Sydir Kovpak,Communist Party of the Soviet Union,major general,lieutenant general,brigadier general
http://www.wikidata.org/entity/Q2832540,0,1943-06-24T00:00:00Z,Alexander Yefimov,Communist Party of the Soviet Union,lieutenant,,
http://www.wikidata.org/entity/Q3913234,0,1943-10-25T00:00:00Z,Ivan Polbin,Communist Party of the Soviet Union,Air Force major general,,
http://www.wikidata.org/entity/Q2992272,0,1943-03-17T00:00:00Z,Aleksandr Aleksandrovich Novikov,Communist Party of the Soviet Union,Marshal of the branch,,
http://www.wikidata.org/entity/Q3156140,0,1943-09-25T00:00:00Z,Ivan Lyudnikov,Communist Party of the Soviet Union,lieutenant general,colonel general,major general
http://www.wikidata.org/entity/Q2707811,0,1938-01-01T00:00:00Z,Dmitry Lelyushenko,Communist Party of the Soviet Union,colonel,brigadier,lieutenant colonel
http://www.wikidata.org/entity/Q2832540,0,1948-08-14T00:00:00Z,Alexander Yefimov,Communist Party of the Soviet Union,major,lieutenant colonel,captain
http://www.wikidata.org/entity/Q4331606,0,1943-12-27T00:00:00Z,Michael Odintsov,Communist Party of the Soviet Union,captain,major,senior lieutenant
http://www.wikidata.org/entity/Q4139767,0,1948-05-01T00:00:00Z,Boris Glinka,Communist Party of the Soviet Union,podpolkovnik,colonel,major
http://www.wikidata.org/entity/Q1150789,0,1959-05-25T00:00:00Z,Nikolai Gulayev,Communist Party of the Soviet Union,Air Force major general,,
http://www.wikidata.org/entity/Q107094326,1,1945-01-01T00:00:00Z,Michail Michailovič Dagajev,Communist Party of the Soviet Union,major,lieutenant colonel,captain
http://www.wikidata.org/entity/Q4243120,0,1940-06-04T00:00:00Z,Vladimir Kryukov,Communist Party of the Soviet Union,major general,lieutenant general,brigadier general
http://www.wikidata.org/entity/Q4372281,0,1953-12-20T00:00:00Z,Vitaly Popkov,Communist Party of the Soviet Union,colonel,brigadier,lieutenant colonel
http://www.wikidata.org/entity/Q4372281,0,1948-08-14T00:00:00Z,Vitaly Popkov,Communist Party of the Soviet Union,major,lieutenant colonel,captain
http://www.wikidata.org/entity/Q21096840,0,1951-11-03T00:00:00Z,Vladimir Drozdov,Communist Party of the Soviet Union,kontr-admiral,,
http://www.wikidata.org/entity/Q4402591,0,1943-03-17T00:00:00Z,Vasily Ryazanov,Communist Party of the Soviet Union,Air Force lieutenant general,,
http://www.wikidata.org/entity/Q60828477,0,1945-07-11T00:00:00Z,Aleksey Shchelakovskiy,Communist Party of the Soviet Union,lieutenant general,colonel general,major general
http://www.wikidata.org/entity/Q108540795,0,1944-01-01T00:00:00Z,Konstantin Zhuravlyov,Communist Party of the Soviet Union,major general,lieutenant general,brigadier general
http://www.wikidata.org/entity/Q109328472,0,1944-06-01T00:00:00Z,Maxim Chibisov,Communist Party of the Soviet Union,colonel,brigadier,lieutenant colonel
http://www.wikidata.org/entity/Q15070531,0,1943-01-01T00:00:00Z,Nikolay Krisanov,Communist Party of the Soviet Union,major general,lieutenant general,brigadier general
http://www.wikidata.org/entity/Q4493995,0,1942-09-14T00:00:00Z,Mikhail Fedorov,Communist Party of the Soviet Union,lieutenant colonel,colonel,major
http://www.wikidata.org/entity/Q4245011,0,1943-10-15T00:00:00Z,Mikhail Vasilyevich Kuznetsov,Communist Party of the Soviet Union,podpolkovnik,colonel,major
http://www.wikidata.org/entity/Q4491602,0,1937-11-07T00:00:00Z,Mikhail Fomichyov,Communist Party of the Soviet Union,lieutenant,,
http://www.wikidata.org/entity/Q4372281,0,1951-06-13T00:00:00Z,Vitaly Popkov,Communist Party of the Soviet Union,podpolkovnik,colonel,major
http://www.wikidata.org/entity/Q4372281,0,1958-02-18T00:00:00Z,Vitaly Popkov,Communist Party of the Soviet Union,Air Force major general,,
http://www.wikidata.org/entity/Q4424154,0,1938-09-01T00:00:00Z,Zakhar Slyusarenko,Communist Party of the Soviet Union,senior lieutenant,,
http://www.wikidata.org/entity/Q4424154,0,1942-08-04T00:00:00Z,Zakhar Slyusarenko,Communist Party of the Soviet Union,podpolkovnik,colonel,major
http://www.wikidata.org/entity/Q4493995,0,1941-02-14T00:00:00Z,Mikhail Fedorov,Communist Party of the Soviet Union,captain,major,senior lieutenant
http://www.wikidata.org/entity/Q4491602,0,1940-11-05T00:00:00Z,Mikhail Fomichyov,Communist Party of the Soviet Union,senior lieutenant,,
http://www.wikidata.org/entity/Q4402425,0,1943-01-01T00:00:00Z,Yekaterina Ryabova,Communist Party of the Soviet Union,senior lieutenant,,
http://www.wikidata.org/entity/Q4256472,0,1942-06-01T00:00:00Z,Semion Levin,Communist Party of the Soviet Union,podpolkovnik,colonel,major
http://www.wikidata.org/entity/Q4372281,0,1943-03-10T00:00:00Z,Vitaly Popkov,Communist Party of the Soviet Union,sub-lieutenant,,
http://www.wikidata.org/entity/Q4258850,0,1952-01-01T00:00:00Z,Viktor Leonov,Communist Party of the Soviet Union,captain 2nd rank,captain 1st rank,Captain 3rd rank
http://www.wikidata.org/entity/Q17046045,1,1945-04-20T00:00:00Z,Robert Brichenok,Communist Party of the Soviet Union,lieutenant general,colonel general,major general
http://www.wikidata.org/entity/Q4152605,0,1944-02-21T00:00:00Z,Iosif Gusakovsky,Communist Party of the Soviet Union,colonel,brigadier,lieutenant colonel
http://www.wikidata.org/entity/Q29865117,0,1956-11-26T00:00:00Z,Vladimir Ivanov,Communist Party of the Soviet Union,vice admiral,,
http://www.wikidata.org/entity/Q4152605,0,1942-01-01T00:00:00Z,Iosif Gusakovsky,Communist Party of the Soviet Union,major,lieutenant colonel,captain
http://www.wikidata.org/entity/Q4267909,0,1957-01-01T00:00:00Z,Sergey Lugansky,Communist Party of the Soviet Union,Air Force major general,,
http://www.wikidata.org/entity/Q4491602,0,1942-05-02T00:00:00Z,Mikhail Fomichyov,Communist Party of the Soviet Union,major,lieutenant colonel,captain
http://www.wikidata.org/entity/Q21643478,0,1939-02-09T00:00:00Z,"Nikolaev, Andrey Semyonovich",Communist Party of the Soviet Union,corps commissar,,
http://www.wikidata.org/entity/Q4372281,0,1943-11-13T00:00:00Z,Vitaly Popkov,Communist Party of the Soviet Union,senior lieutenant,,
http://www.wikidata.org/entity/Q4245011,0,1936-03-14T00:00:00Z,Mikhail Vasilyevich Kuznetsov,Communist Party of the Soviet Union,lieutenant,,
http://www.wikidata.org/entity/Q4152605,0,1941-01-01T00:00:00Z,Iosif Gusakovsky,Communist Party of the Soviet Union,captain,major,senior lieutenant
http://www.wikidata.org/entity/Q4464235,1,1945-01-01T00:00:00Z,Kuz'ma Trubnikov,Communist Party of the Soviet Union,colonel general,General of the Army,lieutenant general
http://www.wikidata.org/entity/Q4491602,0,1942-09-26T00:00:00Z,Mikhail Fomichyov,Communist Party of the Soviet Union,podpolkovnik,colonel,major
http://www.wikidata.org/entity/Q4493995,0,1954-05-31T00:00:00Z,Mikhail Fedorov,Communist Party of the Soviet Union,major general,lieutenant general,brigadier general
http://www.wikidata.org/entity/Q4424154,0,1943-12-15T00:00:00Z,Zakhar Slyusarenko,Communist Party of the Soviet Union,colonel,brigadier,lieutenant colonel
http://www.wikidata.org/entity/Q4372281,0,1941-09-01T00:00:00Z,Vitaly Popkov,Communist Party of the Soviet Union,sergeant,,corporal
http://www.wikidata.org/entity/Q4152605,0,1941-01-01T00:00:00Z,Iosif Gusakovsky,Communist Party of the Soviet Union,senior lieutenant,,
http://www.wikidata.org/entity/Q4245011,0,1945-06-04T00:00:00Z,Mikhail Vasilyevich Kuznetsov,Communist Party of the Soviet Union,colonel,brigadier,lieutenant colonel
http://www.wikidata.org/entity/Q4424154,0,1941-01-01T00:00:00Z,Zakhar Slyusarenko,Communist Party of the Soviet Union,major,lieutenant colonel,captain
http://www.wikidata.org/entity/Q4491602,0,1941-06-01T00:00:00Z,Mikhail Fomichyov,Communist Party of the Soviet Union,captain,major,senior lieutenant
http://www.wikidata.org/entity/Q4256472,0,1940-01-01T00:00:00Z,Semion Levin,Communist Party of the Soviet Union,major,lieutenant colonel,captain
http://www.wikidata.org/entity/Q4152605,0,1942-11-04T00:00:00Z,Iosif Gusakovsky,Communist Party of the Soviet Union,podpolkovnik,colonel,major
http://www.wikidata.org/entity/Q4256472,0,1936-03-01T00:00:00Z,Semion Levin,Communist Party of the Soviet Union,captain,major,senior lieutenant
http://www.wikidata.org/entity/Q4493995,0,1941-12-30T00:00:00Z,Mikhail Fedorov,Communist Party of the Soviet Union,major,lieutenant colonel,captain
http://www.wikidata.org/entity/Q4416810,0,1944-03-07T00:00:00Z,Volodymyr Sergeev,Communist Party of the Soviet Union,captain,major,senior lieutenant
http://www.wikidata.org/entity/Q4424154,0,1938-12-11T00:00:00Z,Zakhar Slyusarenko,Communist Party of the Soviet Union,captain,major,senior lieutenant
http://www.wikidata.org/entity/Q4309642,0,1953-01-01T00:00:00Z,Vasily Ilyich Mykhlik,Communist Party of the Soviet Union,colonel,brigadier,lieutenant colonel
http://www.wikidata.org/entity/Q4243120,0,1943-10-16T00:00:00Z,Vladimir Kryukov,Communist Party of the Soviet Union,lieutenant general,colonel general,major general
http://www.wikidata.org/entity/Q29865117,0,1949-05-11T00:00:00Z,Vladimir Ivanov,Communist Party of the Soviet Union,counter admiral,vice admiral,
http://www.wikidata.org/entity/Q109328472,0,1955-08-01T00:00:00Z,Maxim Chibisov,Communist Party of the Soviet Union,Air Force major general,,
http://www.wikidata.org/entity/Q4500590,0,1942-01-01T00:00:00Z,Semyon Khokhryakov,Communist Party of the Soviet Union,major,lieutenant colonel,captain
http://www.wikidata.org/entity/Q4256472,0,1943-01-01T00:00:00Z,Semion Levin,Communist Party of the Soviet Union,colonel,brigadier,lieutenant colonel
http://www.wikidata.org/entity/Q4245011,0,1938-03-20T00:00:00Z,Mikhail Vasilyevich Kuznetsov,Communist Party of the Soviet Union,senior lieutenant,,
http://www.wikidata.org/entity/Q4493995,0,1944-02-22T00:00:00Z,Mikhail Fedorov,Communist Party of the Soviet Union,colonel,brigadier,lieutenant colonel
http://www.wikidata.org/entity/Q4372281,0,1943-08-04T00:00:00Z,Vitaly Popkov,Communist Party of the Soviet Union,lieutenant,,
http://www.wikidata.org/entity/Q21663999,0,1940-06-04T00:00:00Z,Nikolay Dedayev,Communist Party of the Soviet Union,major general,lieutenant general,brigadier general
http://www.wikidata.org/entity/Q4369472,0,1955-01-01T00:00:00Z,Pyotr Pokryshev,Communist Party of the Soviet Union,Air Force major general,,
http://www.wikidata.org/entity/Q4424568,0,1952-01-01T00:00:00Z,Aleksey Semyonovich Smirnov,Communist Party of the Soviet Union,colonel,brigadier,lieutenant colonel
http://www.wikidata.org/entity/Q4245011,0,1941-12-25T00:00:00Z,Mikhail Vasilyevich Kuznetsov,Communist Party of the Soviet Union,major,lieutenant colonel,captain
http://www.wikidata.org/entity/Q4491602,0,1944-02-21T00:00:00Z,Mikhail Fomichyov,Communist Party of the Soviet Union,colonel,brigadier,lieutenant colonel
http://www.wikidata.org/entity/Q4402591,0,1942-03-27T00:00:00Z,Vasily Ryazanov,Communist Party of the Soviet Union,Air Force major general,,
http://www.wikidata.org/entity/Q4152605,0,1960-05-07T00:00:00Z,Iosif Gusakovsky,Communist Party of the Soviet Union,colonel general,General of the Army,lieutenant general
http://www.wikidata.org/entity/Q4245011,0,1959-05-25T00:00:00Z,Mikhail Vasilyevich Kuznetsov,Communist Party of the Soviet Union,Air Force major general,,
http://www.wikidata.org/entity/Q4152605,0,1936-01-01T00:00:00Z,Iosif Gusakovsky,Communist Party of the Soviet Union,lieutenant,,
http://www.wikidata.org/entity/Q4245011,0,1940-09-11T00:00:00Z,Mikhail Vasilyevich Kuznetsov,Communist Party of the Soviet Union,captain,major,senior lieutenant
http://www.wikidata.org/entity/Q4372281,0,1944-06-30T00:00:00Z,Vitaly Popkov,Communist Party of the Soviet Union,captain,major,senior lieutenant
